0.121303908527,0.0328330285847,0.562268555164,0.938619017601,0.0127064455301,0.366831034422,4.51319042631e-14,0.910382568836,0.233696743846,0.506750762463,0.980859994888,0.367250978947,0.00839788746089,0.580905854702,0.97875469923,0.0763302892447,0.0168024804443,0.919125556946,0.551528990269,0.454536229372,3.33826015719e-08,0.999994635582,0.00100324722007,0.0534283220768,0.294024854898,0.949111938477,0.207354024053,0.409139126539,0.351713120937,0.978293895721,1.0,0.368709355593,0.0333016067743,0.999956011772,0.9941816926,0.891255497932,0.207607775927,0.510142028332,1.0,0.264478266239,0.928001046181,0.551700532436,0.97923207283,0.0971178635955,0.0972450450063,0.925374507904,0.671223640442,0.999999403954,0.912965476513,0.543253898621,0.0588249564171,0.321497440338,0.97484844923,0.999999761581,5.49088363595e-18,0.746744036674,0.965938091278,0.642204165459,0.136096864939,0.962210953236,0.3745405972,0.250682801008,0.104817800224,0.16297596693,8.0
0.998135089874,0.996293485165,0.163358137012,0.93932980299,0.985391557217,0.0196099057794,0.99996805191,0.809310972691,0.0442872755229,0.523840069771,0.00432749977335,0.00130911299493,0.620725989342,0.451696276665,0.0306646078825,0.526969075203,8.30494062409e-10,0.981699883938,1.0,0.117273956537,1.49924275799e-16,0.999666571617,0.783319830894,0.145139664412,0.669714748859,0.0537408106029,0.629240870476,0.431794941425,0.594167411327,0.68982475996,0.438021153212,0.580458819866,0.966666817665,0.705288589001,0.270431637764,0.960220813751,0.00123163568787,0.0198698509485,0.895192503929,0.970467090607,0.00516795180738,0.817389369011,0.0129219088703,0.0051100673154,0.177801653743,0.228349402547,0.00397908641025,1.0,0.00111717369873,0.971675336361,0.74137544632,0.270355045795,0.405753195286,2.49706149268e-24,1.05912123516e-08,0.994442641735,0.38567340374,0.00351773272268,0.989229977131,0.943120718002,0.122663408518,0.103384941816,0.415356338024,0.816025495529,0.0
0.994989454746,0.740201354027,0.721414387226,0.806485116482,0.000619754486252,0.854076147079,0.000302672589896,0.11632950604,0.971967935562,0.923446595669,0.29545378685,0.999298095703,0.483856350183,0.105075798929,0.992312014103,0.651070892811,9.08998921022e-20,0.0389780960977,0.0927157104015,0.317654877901,0.999785363674,1.0,0.827057361603,0.0400131493807,0.338112801313,0.460142940283,0.630593240261,0.0150344064459,0.0704596415162,4.29752171349e-11,6.23251342029e-13,0.00532489130273,0.753624618053,1.0,0.928006887436,0.824158132076,0.00147608201951,0.565265595913,0.0279240589589,0.0520671159029,0.428763151169,0.109005123377,0.0152530828491,0.824038267136,0.115358807147,0.648664474487,0.471626907587,7.99266740032e-13,0.0708168148994,0.42531734705,0.917334377766,0.0050118342042,0.987550675869,0.539486289024,1.90106422035e-23,0.913549482822,0.974115014076,0.762395739555,0.627371251583,0.379148989916,0.157865345478,0.211505040526,0.538325846195,0.801095306873,3.0
0.0128805488348,0.221973881125,0.780366182327,0.206373766065,0.336188286543,0.795833230019,0.00350013561547,1.08234207801e-05,0.997568190098,0.977170944214,0.806623160839,0.982540428638,0.121392101049,0.433361768723,0.422383785248,1.07285777631e-05,0.285898774862,0.123585298657,1.18166826724e-05,0.965372562408,0.993861794472,0.547476530075,0.828436493874,0.65205925703,0.267753630877,0.00664290646091,7.46416706221e-09,0.588840425014,0.718225359917,0.689656078815,3.57688867674e-13,0.704085946083,0.356494396925,0.98381793499,0.139636337757,0.922539651394,0.00449333665892,0.379677891731,0.569125890732,8.73423175562e-07,0.0639797374606,0.637841761112,0.718868076801,0.0324376635253,0.900836527348,0.0650445371866,0.618344783783,0.000191410494153,0.882800519466,0.106148041785,0.939393997192,0.0726055055857,0.767051279545,8.27925561442e-10,0.999965310097,0.16353456676,0.722799479961,0.334991663694,0.0111735621467,0.380788803101,0.253000557423,0.751993894577,0.566284894943,0.850828409195,1.0
0.146131232381,0.000483908574097,0.289423078299,0.99717772007,0.928895890713,0.0132587505504,0.483868420124,9.72772173924e-09,0.998732984066,0.812675714493,0.203117579222,0.254733413458,0.180845335126,0.911094546318,0.676861226559,0.959200263023,0.993638217449,0.843692719936,0.145072802901,0.395292490721,1.6387641244e-11,0.394496291876,0.266922622919,0.336421072483,0.46586894989,0.199084624648,0.405861705542,2.68820684823e-07,0.391749799252,0.000192501523998,0.546240270138,0.0265605915338,0.456469118595,0.660331070423,0.988766729832,0.0771435573697,0.859935760498,0.409955114126,0.477984011173,0.623961865902,0.981171488762,0.9427267313,0.000449904968264,0.99991106987,0.062402639538,0.686183929443,0.0878034234047,0.999150276184,0.543790876865,0.912987232208,0.994378268719,0.079110532999,0.000796564796474,0.48384988308,0.473085284233,0.964812874794,0.631810903549,0.00804182887077,0.138576880097,0.949491560459,0.893267273903,0.0368358455598,0.343866527081,0.430431634188,1.0
0.562200427055,0.992287397385,0.135068789124,0.803418755531,0.543479979038,0.407328903675,0.475041300058,4.66491928819e-06,0.9974848032,0.975774466991,0.972213387489,0.532036602497,0.940130770206,0.00632884679362,0.578138530254,0.536280572414,0.979102432728,0.6760892272,0.0577705726027,0.817206442356,4.68599292702e-09,0.999481379986,0.43248924613,0.821989059448,0.249928310513,0.723971307278,0.999420404434,0.000120073833386,0.0145849417895,0.00391310593113,0.451823234558,0.909913778305,0.0326627902687,2.43514106449e-12,4.33120330052e-18,0.436776489019,0.932509541512,0.596393704414,0.545877099037,0.537881612778,0.780422747135,0.825748324394,0.163123682141,0.996410429478,0.0293045919389,0.260759085417,0.859237372875,1.0,0.786709666252,0.75898450613,0.873506128788,0.00607092678547,0.151072457433,0.281908750534,2.71491862804e-05,0.0110199879855,9.71015268192e-08,0.839268267155,0.846381127834,0.733679831028,0.116545036435,0.992783308029,0.00605902355164,0.0184877309948,6.0
0.0021409324836,0.848395049572,0.68510299921,0.269298613071,0.096096649766,0.843128561974,0.109964266419,1.27626944959e-05,0.998257815838,0.993584811687,0.850934624672,0.997631907463,0.197222739458,0.110437765718,0.584107816219,1.28970987134e-05,0.491174608469,0.338573664427,2.75526872429e-05,0.188618183136,0.999338686466,0.914920449257,0.581976234913,0.355616986752,0.0990725830197,0.0515166707337,2.40989006528e-08,0.882425606251,0.969341397285,0.642537355423,0.552317559719,0.984232783318,0.0241018496454,0.464188158512,0.450428038836,0.875186741352,0.0190183706582,0.564105689526,0.569256365299,3.8425636717e-07,0.467299938202,0.0654626190662,0.979901075363,0.030974842608,0.43404135108,0.175622582436,0.949916601181,0.53840136528,0.70580726862,0.109168693423,0.649771869183,0.0107567002997,0.616662979126,0.48372194171,0.514390707016,0.241469696164,2.42211217483e-06,0.948998093605,0.0274401511997,0.236024200916,0.195385411382,0.532468914986,0.687305390835,0.0438221842051,1.0
0.35800498724,0.912590920925,0.73690956831,0.0319701135159,0.0543969124556,0.946483135223,0.453114658594,0.174421027303,0.00943088904023,0.99243414402,0.119883127511,0.999656319618,0.607448220253,0.00867084879428,0.986716151237,0.981815397739,0.946838259697,0.583831787109,0.177316874266,0.374276071787,0.998763680458,0.979326844215,0.0691114589572,0.607637941837,0.539218127728,0.598879635334,0.98954975605,0.00194681272842,0.875049233437,0.882206916809,0.0152404038236,0.646178781986,0.987633347511,8.54174175835e-10,0.989723443985,0.838721334934,0.00106537167449,0.355777978897,0.632311046124,0.0100609045476,0.698274314404,0.624430418015,0.261356323957,0.982043206692,0.635678291321,0.596730172634,0.42122605443,0.000540864130016,0.0536937043071,4.14555536565e-08,0.82801836729,0.0274811368436,0.0301322657615,0.531856775284,0.511218607426,0.990870416164,0.00114563782699,0.0126906633377,0.128223642707,0.161131635308,0.633647084236,0.0604730807245,0.954310178757,0.985091865063,3.0
0.0425898805261,0.000341014849255,0.0635854303837,0.00562859140337,0.997700870037,0.760146558285,1.0,0.804666161537,0.31930655241,0.994352698326,0.874644637108,0.0399605594575,0.0398110859096,0.999060809612,0.0365469790995,0.976595401764,0.96434867382,0.919034600258,0.528834998608,0.99975758791,1.0,0.999999523163,0.34990632534,0.0771980136633,0.964056015015,0.109490610659,0.0368672050536,0.884653925896,0.15661162138,0.745011031628,4.13995149693e-24,0.365573018789,0.643611073494,0.621793985367,0.275500983,0.973395228386,0.951524674892,0.480482757092,1.0,0.980578839779,0.289615541697,0.995903074741,0.744632422924,0.38144338131,0.999904870987,0.0788532271981,0.84832906723,0.460710227489,0.671573221684,0.377089470625,0.713896989822,0.401637911797,0.703421652317,5.22760279509e-09,1.0,0.135487437248,0.996525943279,0.000160457668244,0.00363226234913,0.762827634811,0.940815150738,0.150781229138,0.545193433762,0.650157749653,8.0
0.0241230335087,0.76837682724,0.919448316097,0.010014038533,0.682987630367,0.958852469921,0.517882049084,0.013290273957,0.71457618475,0.499918103218,0.573531150818,0.00501071661711,0.0552590861917,0.0245444960892,0.953698277473,0.93402081728,0.114942520857,0.998043298721,0.703603088856,0.19798874855,0.000397441908717,1.0,0.99757963419,0.695735573769,0.9199873209,0.950289130211,0.685603022575,0.0656172037125,0.390187263489,0.999982357025,1.0,0.996822714806,0.00172306154855,2.23297705467e-14,2.00529643735e-06,0.627779304981,0.651379406452,0.00423736777157,1.0,0.974972605705,0.770644724369,0.964465141296,0.954314231873,0.909349501133,0.944804787636,0.998120844364,0.309056967497,0.60642015934,0.0296033825725,0.763513684273,0.963171005249,0.999102711678,0.0219002570957,1.44510813906e-13,9.6024093688e-27,0.00787013676018,0.993824601173,0.838951408863,0.128036409616,0.810581922531,0.020761359483,0.120328277349,0.52584785223,0.000358189136023,6.0
0.553040921688,0.00381734524854,0.889236748219,0.438262999058,0.897683084011,0.541595995426,2.97960948334e-24,7.90390913608e-05,0.996474683285,0.996316432953,0.991842925549,0.141147732735,0.810226976871,0.800819337368,0.198121547699,4.56153065898e-06,0.988077163696,0.995960533619,0.776964128017,0.566287696362,0.999536395073,0.999998450279,0.324052065611,0.981819629669,0.133658304811,0.000622488267254,3.14784347211e-06,0.241895779967,0.318895071745,0.925719678402,0.447450757027,0.0376084037125,0.0326980613172,0.99985063076,0.821992337704,0.959475755692,0.618338167667,0.724022686481,0.999824464321,4.74489155522e-07,0.263066440821,0.834236979485,0.957143247128,0.994813799858,0.39522638917,0.000162915108376,0.128765016794,1.0,0.0801362544298,0.945214569569,0.239288702607,0.00313259265386,0.809157907963,0.999996781349,1.0,0.016583096236,0.0026562763378,0.0678543075919,0.00131586077623,0.206170961261,0.445090293884,0.231507509947,0.967888772488,0.21330010891,1.0
0.996099829674,0.436907380819,0.933784902096,0.411828756332,0.00065298267873,0.997317969799,2.82399300338e-28,0.96046257019,0.0581891909242,0.743043541908,0.911645114422,0.126776844263,0.919434845448,0.325800657272,0.0483415462077,0.091658167541,0.903781533241,0.988783061504,0.649997711182,0.306365996599,0.566692590714,0.999888300896,0.746251285076,0.478788971901,0.449912160635,0.982811331749,0.0131683247164,0.60067653656,0.648028075695,0.8001511693,0.999966979027,0.00731041096151,0.426394402981,0.593600332737,0.492838144302,0.941776752472,0.812499642372,0.993333518505,0.990290939808,0.298300862312,0.998430073261,0.450165688992,0.889263272285,0.0698345452547,0.986921191216,0.805836737156,0.203623995185,1.0,0.0108993761241,0.992047607899,0.0382623784244,0.0899234339595,0.20479567349,1.0,1.0,0.00911102350801,0.679578602314,0.0166100636125,0.75375777483,0.793907821178,0.789903521538,0.00917869433761,0.97996532917,0.280341923237,8.0
0.984731554985,0.996421933174,0.690072357655,0.914365231991,8.99156730156e-05,0.776520729065,1.53338305126e-27,0.101088322699,0.300354778767,0.946921825409,0.409289568663,0.334138005972,0.845378100872,0.211816996336,0.00305528007448,0.0135352481157,0.452671825886,0.801153421402,0.629739284515,0.261449813843,0.9988540411,0.442855328321,0.0544260777533,0.286762416363,0.684285581112,0.971429228783,0.0967084616423,0.031192438677,0.985617816448,4.29389720674e-16,0.0109797120094,0.353336840868,0.847208201885,0.569284558296,0.788968503475,0.833158969879,0.428736120462,0.982964336872,0.262670367956,0.194262117147,0.989217400551,0.000846783106681,0.0200274512172,0.520811319351,0.658901810646,0.93021273613,0.578803777695,1.0,0.00198458624072,0.99147182703,0.0456685572863,0.000171430408955,0.663520276546,1.0,0.00322142476216,0.790460288525,0.000114968665002,0.246251598001,0.974603116512,0.845776557922,0.382505685091,0.00227984902449,0.975100696087,0.0839838087559,5.0
0.631400704384,0.987161457539,0.91511452198,0.0315645262599,0.00335360947065,0.999757111073,3.04165428717e-27,0.928826391697,0.000664380495436,0.524018406868,0.970648884773,0.939286470413,0.686292946339,0.165521353483,0.552098214626,0.00845743902028,0.933512747288,0.0407651923597,1.0,0.958680987358,0.548542976379,0.0127729745582,0.568961203098,0.628101706505,0.902802288532,0.990746378899,0.635379910469,0.322269558907,0.0502616539598,1.31536596307e-18,3.72423564841e-05,0.504386365414,0.997410595417,0.583795368671,0.284553289413,0.981014192104,0.688863277435,0.477479100227,0.414315193892,0.0176581460983,0.988219976425,0.161206960678,0.0240089185536,0.0302246063948,0.688525676727,0.653577268124,0.794512927532,0.5043156147,0.996159315109,0.954096138477,0.0520346388221,0.0117255495861,0.64571082592,1.0,0.449030935764,0.00780154811218,0.993807256222,0.399346083403,0.983888089657,0.974884688854,0.00656795082614,0.996559083462,0.869955897331,0.57755625248,2.0
0.504666864872,0.591608762741,0.00798805896193,0.26588845253,0.500989437103,0.591627538204,2.9081804314e-05,0.921989381313,0.0817528069019,0.0356844216585,0.29833099246,0.318132817745,0.370736122131,0.17654581368,0.981304824352,0.99583107233,0.916363716125,0.385436743498,0.832074224949,0.0648505985737,1.0,0.478580504656,0.997907400131,0.669605314732,0.183687403798,0.269593328238,0.87101495266,0.0418517179787,0.68463665247,0.491269081831,1.0,0.69155138731,0.477011740208,1.40263942683e-08,0.657727837563,4.09946774202e-17,0.0645644292235,0.883964121342,0.842787027359,0.963068068027,0.992653250694,0.997749626637,0.701076567173,0.514405548573,0.893175244331,0.867304325104,0.00140955555253,1.0,0.0213517863303,0.00102374644484,0.0654274523258,0.412102401257,0.00126102671493,1.17660206387e-25,0.813647329807,0.0649770051241,0.405686795712,0.261247396469,0.438186824322,0.979572117329,0.0700189098716,0.0506800934672,0.302992165089,0.743112325668,6.0
0.999456703663,0.998455047607,0.445345252752,0.00244091218337,0.0492920279503,0.181960329413,1.81073657662e-17,0.023764513433,0.0929787158966,0.983429133892,0.346360266209,0.0794883742929,0.993388295174,0.968204379082,0.0114446347579,0.0430596396327,0.724976301193,0.943058371544,0.742006957531,0.82282435894,0.999985933304,1.0,0.675878703594,0.50243639946,0.937615096569,0.98261398077,0.0812424868345,0.00872105360031,0.523704528809,0.400519132614,0.0306361597031,0.104083076119,0.421058624983,0.516115248203,0.60871309042,0.795442819595,0.999466836452,0.970388174057,0.400901913643,0.411198079586,0.996324300766,0.394256263971,0.775501847267,0.665139555931,0.91940176487,0.985995709896,0.875140607357,0.999982595444,0.000671978399623,0.979969084263,0.462710529566,0.101096116006,0.255261510611,1.0,1.0,0.100074931979,0.378216832876,0.504215657711,0.998326122761,0.491432070732,0.29848626256,0.0213363990188,0.263990461826,0.00319210090674,5.0
0.994568943977,0.999630212784,0.063699580729,0.0206193942577,0.0609961003065,0.015247784555,0.478762477636,0.0542435161769,0.132843628526,0.997564554214,0.297108739614,0.00731462053955,0.961384356022,0.972537994385,0.000503601215314,0.166854858398,1.33410766886e-20,0.857933521271,0.18411180377,0.924090266228,1.0,0.999963760376,0.719537258148,0.0511848330498,0.358754485846,0.881952106953,0.248909011483,0.0101411668584,0.974935472012,0.96038043499,2.05695044331e-10,0.656429648399,0.229594796896,0.62309294939,0.402413845062,0.866742670536,0.225684434175,0.0500899553299,0.809818983078,0.996410548687,0.0581228770316,0.00386514049023,0.97770178318,0.722624242306,0.988588690758,0.208308085799,0.420025497675,0.59712189436,0.00146547832992,0.556723892689,0.584672212601,0.561455786228,0.999923110008,0.523531556129,0.562779307365,0.972692728043,0.593649148941,0.989744484425,0.97869849205,0.0162691026926,0.338945776224,0.0580167323351,0.587219774723,0.0203542541713,5.0
0.012113342993,0.509740233421,0.959236323833,0.958709657192,0.0780471041799,0.985659480095,0.517977774143,0.323273420334,0.999605834484,0.248979493976,0.999810039997,0.00726440036669,0.913766026497,0.0182832051069,0.368167459965,0.733188033104,0.243836909533,0.870940387249,0.0658048391342,0.339999854565,0.522630989552,3.10726536105e-23,0.872980356216,0.766959667206,0.856358885765,0.0264353286475,0.530951917171,0.998257696629,0.999862909317,0.912945926189,1.51041093695e-12,0.437003910542,0.015699936077,0.562529444695,2.1862014421e-07,0.911431312561,0.436369240284,0.144323855639,0.00175396737177,0.987642407417,0.0927352905273,0.730322897434,0.162188559771,0.0962353870273,0.930532813072,0.0278326608241,0.367644965649,3.14763180798e-11,0.805428445339,0.988107979298,0.571113586426,0.849056243896,0.538509607315,3.84068744097e-06,2.79308548704e-27,0.00368686811998,0.999711215496,0.8725938797,0.0232250653207,0.126895964146,0.0164627544582,0.015386832878,0.0369581356645,0.0132882231846,4.0
0.877677500248,0.94372677803,0.856960833073,0.659846365452,0.929630279541,0.000124569123727,0.241352707148,0.935050547123,0.548700213432,0.97310590744,0.686473309994,0.0139253819361,0.977800130844,0.287798166275,0.725684523582,0.735673725605,0.966175019741,0.999735057354,0.685916125774,0.00257591065019,0.883826375008,1.0,0.19222612679,0.951459884644,0.0167334098369,0.902472853661,0.34780728817,0.222533136606,0.355253368616,0.991328656673,0.499029129744,0.568280041218,0.13166218996,3.32355098998e-09,0.755332648754,0.931899905205,0.993860960007,0.537573993206,0.149853482842,0.253388941288,0.704802453518,0.89534342289,0.982373595238,0.105065576732,0.0743904560804,0.548683702946,0.547175228596,0.999112784863,0.0147189153358,0.987217485905,0.907488703728,0.855125129223,0.138974353671,8.68969570304e-19,0.999995470047,0.177650466561,2.6537553482e-21,0.164667934179,0.752366244793,0.0240317229182,0.965789377689,0.261066108942,0.000282298511593,0.795793712139,5.0
0.00230056000873,0.0314705371857,0.613883018494,0.874414145947,0.271930783987,0.726746857166,0.453474879265,0.852688014507,0.0610819645226,0.348665684462,0.807126939297,0.0136697003618,0.000348127650796,0.811783730984,0.226282030344,0.00724429404363,0.234468221664,0.98284548521,0.729439795017,0.739000797272,0.999859213829,0.440979212523,0.0153013244271,0.0185963474214,0.0295215658844,0.407977253199,0.972077310085,0.0564019754529,0.771865367889,0.0111532341689,1.0,0.840241909027,0.131784811616,0.533098220825,0.447349011898,0.902355909348,0.615347623825,0.826471507549,1.0,0.470547676086,0.857825279236,0.8048568964,0.959928095341,0.229827046394,0.0748329460621,0.966981589794,0.863936185837,1.0,0.955501675606,0.945205390453,0.0105517879128,0.0541568882763,0.713152825832,0.999363720417,9.26721186261e-05,0.839463889599,0.57110708952,0.440224319696,0.331740051508,0.969673991203,0.101336047053,0.190338224173,0.243302956223,0.6980458498,8.0
0.986436903477,0.0361845381558,0.00787725113332,0.577955186367,0.00153260980733,0.972750008106,5.10148091336e-32,0.109542138875,0.0804402977228,0.751680016518,0.986444175243,0.381617635489,0.455693483353,0.757968842983,0.321981072426,0.170495092869,0.88991767168,0.150377422571,0.219830617309,0.99474722147,1.0,0.909810483456,0.0531198717654,0.634904921055,0.480613738298,0.691516160965,0.44108492136,0.00293196295388,0.100730977952,4.93038064802e-13,0.2733515203,0.00179264473263,0.990301012993,1.0,0.651326239109,0.751313269138,0.848967432976,0.962303578854,0.24967302382,0.904148578644,0.992538511753,0.605706870556,0.0149929588661,0.901876032352,0.786396026611,0.236911550164,0.341612160206,0.46807333827,0.221456602216,0.00117344374303,0.610837996006,0.113718897104,0.891365885735,1.0,1.0,0.0754895582795,0.68493950367,0.341721504927,0.549549639225,0.33126744628,0.737454116344,0.0756074041128,0.630659341812,0.948222637177,8.0
0.0251272544265,0.988632977009,0.0205811243504,0.786375939846,0.00563435116783,0.0592061504722,0.46855533123,0.40333506465,0.00164451764431,0.779468953609,0.517104029655,0.11358165741,0.92389434576,0.971439540386,0.317776858807,0.121108300984,0.492295891047,0.595530092716,0.550306916237,0.935382127762,5.91174899571e-18,1.30913236038e-35,0.00916634872556,0.00983347650617,0.16818369925,0.902967453003,0.0436952374876,0.00313228880987,0.999483704567,0.578614354134,0.43568778038,0.0677816644311,0.994659841061,1.42691092275e-09,0.710774838924,0.894736647606,0.63131415844,0.678713917732,1.0,0.9230915308,0.98572820425,0.0875217542052,0.127004414797,0.2743909657,0.946016252041,0.390946805477,0.252026289701,0.942685246468,0.997609734535,0.306286364794,0.303726106882,0.388695627451,0.134814679623,0.495843678713,0.523145675659,0.901833772659,0.512840628624,0.136866614223,0.96629434824,0.701531589031,0.954261541367,0.100194096565,0.102227479219,0.997875571251,9.0
0.0584517680109,0.972077071667,0.220263302326,0.601219892502,0.000952549744397,0.558610320091,0.503204464912,0.0236065536737,0.904178261757,0.953102529049,0.855417430401,0.972294747829,0.441780596972,0.382313847542,0.985483050346,0.199658408761,3.4977966834e-07,0.247239068151,0.00055926857749,0.901736140251,0.999997496605,3.04845548271e-06,0.109016925097,0.00586574198678,0.894836306572,0.872832238674,0.00400001788512,0.688930094242,0.950918138027,0.000175332155777,1.85185135455e-12,0.852533042431,0.744057178497,0.000112651723612,0.853204727173,0.744757413864,0.00559310941026,0.87409722805,0.439490139484,0.00364666595124,0.938225150108,0.562581002712,0.0553983934224,0.0414919890463,0.39980584383,0.553685247898,0.122355058789,0.438508599997,0.754531860352,0.264073014259,0.882125914097,0.0110152531415,0.714304685593,0.40860465169,0.00561018288136,0.515763819218,0.897058904171,0.207855060697,0.546894550323,0.675851583481,0.253789782524,0.363179057837,0.0388352684677,0.130901381373,1.0
0.0566942729056,0.711460053921,0.0546326600015,0.00313164130785,0.838347554207,0.000557006336749,2.27976296695e-12,0.0967010855675,0.712913393974,0.998777329922,0.0739003494382,0.940387606621,0.101981520653,0.997554838657,0.304225802422,0.994185805321,0.666021764278,0.638982653618,0.787127614021,0.166805148125,1.0,0.999998688698,0.961843788624,0.366615206003,0.506187081337,0.980114400387,0.00182348338421,0.0618905760348,0.681522727013,0.906889259815,0.423238545656,0.97919511795,0.0144143085927,9.72392058429e-07,0.985452115536,0.840245187283,0.880369782448,0.250176727772,1.0,0.777772367001,0.992334127426,0.49623015523,0.990704953671,0.573884785175,0.994183599949,0.928149223328,0.773104548454,0.583309710026,0.124157510698,0.0198188126087,0.676423609257,0.514212787151,0.630044937134,0.382272303104,1.0,0.556183993816,0.666881561279,0.850992381573,0.9281244874,0.490909814835,0.401057511568,0.0836046040058,0.104602329433,0.000877923972439,5.0
0.438907891512,0.982581436634,0.0273961126804,0.855119943619,0.101987339556,0.176403611898,0.000498762878124,0.00475059868768,0.992844760418,0.608479619026,0.647882401943,0.0184555780143,0.356570541859,0.124797701836,0.120739229023,0.428625583649,0.82334446907,0.171268671751,0.584819257259,0.984103798866,1.0,0.999886751175,0.649066865444,0.297093838453,0.442181348801,0.585297942162,0.919333040714,0.00730104930699,0.0352777689695,1.89225435321e-09,0.999775350094,0.945506691933,0.502615630627,0.000618590740487,2.45222076649e-18,0.546948611736,0.990753054619,0.0819060355425,0.0983434394002,0.988899290562,0.972470998764,0.697928965092,0.000579413957894,0.47363820672,0.185732841492,0.971085548401,0.885239183903,0.999999642372,0.138817384839,0.648187279701,0.937104284763,0.0762307047844,0.0251567550004,0.432602405548,1.54663255944e-13,0.00815197918564,0.674536168575,0.895477950573,0.961047172546,0.928557932377,0.0234621353447,0.659525215626,0.00469796638936,0.0199639629573,6.0
0.99605679512,0.709711492062,0.888278603554,0.360398977995,0.194178894162,0.654502153397,6.91556273189e-20,0.89148581028,0.00391633389518,0.00472459383309,0.034926276654,0.941285789013,0.21910713613,0.663907468319,0.110775128007,0.675226449966,4.29001755994e-12,0.00563060445711,0.688736081123,0.302352309227,0.870299518108,1.0,0.49103051424,0.982101917267,0.0546733252704,0.934596776962,0.580904781818,0.127858743072,0.269630879164,0.971629977226,1.0,0.0349683500826,0.736170589924,0.99999165535,0.948510169983,0.970321595669,0.0371333993971,0.0213200002909,0.463711053133,0.872966110706,0.375427544117,0.439619749784,0.922032356262,0.0109015516937,0.594549834728,0.969617843628,0.749508202076,0.442565798759,0.00457920785993,1.87490814541e-10,0.0517157837749,0.997099876404,0.1638225317,1.0,1.58741329415e-07,0.992059111595,0.909101843834,0.982229590416,0.950450539589,0.973775982857,0.0123260580003,0.0662879496813,0.964078485966,0.744974434376,4.0
0.00788468215615,0.599135935307,0.936154723167,0.278361469507,0.179478704929,0.00554534001276,9.47742231916e-12,0.918009579182,0.000695816706866,0.975562214851,0.302626013756,0.999936342239,0.0208014734089,0.555094778538,0.919040977955,0.981874227524,0.982495903969,0.00769530469552,0.426051139832,0.441412657499,0.978069424629,1.0,0.0931440889835,0.839320003986,0.86120402813,0.999155521393,0.987903535366,0.911959528923,0.00408069556579,0.38601770997,5.47996030237e-18,0.994812488556,0.987511634827,1.01063429052e-15,0.994169354439,0.966404438019,0.187899827957,0.275778651237,0.998610258102,0.014200694859,0.978813290596,0.0924394950271,0.789548695087,0.879732489586,0.457386493683,0.936824977398,0.399271816015,0.422719061375,0.05684716627,0.519162833691,0.685025990009,0.0165620129555,0.624872744083,0.000515460502356,0.539080798626,0.709059476852,2.89389399352e-15,0.44063180685,0.00281521677971,0.983382284641,0.258181810379,0.701297402382,0.0618602931499,0.0549367666245,0.0
0.992519497871,0.571137845516,0.000309083581669,0.806281864643,0.633748412132,0.866678833961,1.27973336816e-07,0.221782714128,0.988786995411,0.977895319462,0.554228365421,0.53682744503,0.297503650188,0.492690235376,0.425701677799,0.265097945929,4.72240291316e-09,0.402790874243,0.999950528145,0.341179966927,3.26089105441e-20,0.999999761581,0.935216426849,0.866856455803,0.329846888781,0.305794119835,0.750149965286,0.888653576374,0.0723383128643,2.58291508355e-20,0.441226363182,0.051918245852,0.178249701858,1.0,9.97357171894e-14,0.802221655846,0.446043491364,0.763652086258,0.414055883884,0.853476166725,0.168854519725,0.487332254648,0.048054728657,0.157090216875,0.0104288589209,0.512665212154,0.764013171196,1.0,0.0481939800084,0.260364353657,0.494493424892,0.000888959970325,0.76239335537,0.395530998707,0.885967314243,0.0904450193048,0.584921479225,0.772518336773,0.811690747738,0.663819313049,0.0196836069226,0.256372481585,0.376235038042,0.0157545153052,4.0
0.997592389584,0.694639503956,0.0785311684012,0.602325499058,0.545596241951,0.994612574577,0.999999761581,0.78463357687,0.756240308285,0.0263610072434,0.648281395435,0.00373930996284,0.975922703743,0.508058428764,0.196914404631,0.215211465955,0.0164868142456,0.372145265341,0.104732908309,0.750554144382,1.0,0.999916315079,0.770275950432,0.246537700295,0.672481000423,0.324016779661,0.0515691488981,0.760657012463,0.42931380868,0.635367453098,1.0,0.0221996977925,0.0432088933885,0.982980728149,0.414687782526,0.896196126938,0.794412076473,0.142037838697,0.47529989481,0.99582529068,0.202538445592,0.522091090679,0.731630980968,0.0587340593338,0.9349193573,0.852995336056,0.131704241037,1.0,0.0190942790359,0.657144963741,0.00775702297688,0.250616103411,0.0938576906919,0.999143242836,4.90391113947e-14,0.318633764982,0.999311804771,0.410915941,0.338564038277,0.98623239994,0.177116557956,0.135663881898,0.987127184868,0.321990340948,8.0
0.635951340199,0.361696869135,0.476901829243,0.995885908604,0.158053338528,0.756173670292,0.885728776455,0.0860375016928,0.878632605076,0.0114091392606,0.687339484692,0.218420937657,0.733184039593,0.00622031418607,0.999357759953,0.0378908626735,0.0574399232864,0.902956843376,0.15439209342,0.00473054405302,1.17313049941e-07,0.497394919395,0.0607287287712,0.0788318961859,0.536171317101,0.80282574892,0.0267729293555,0.015392924659,0.104379221797,0.921014666557,1.0,0.0618825778365,0.0121568618342,0.999996423721,0.807577729225,0.564617097378,0.842601597309,0.342949151993,0.998411774635,0.246853411198,0.426146894693,0.0579967424273,0.642810940742,0.805636525154,0.143563851714,0.991969525814,0.489703208208,1.0,0.988213121891,0.808235704899,0.0339583717287,0.0595299080014,0.0418048016727,1.66980040905e-09,0.0,0.244623631239,0.976493895054,0.662655174732,0.156706064939,0.996515631676,0.90536493063,0.885792374611,0.306816458702,0.813664317131,8.0
0.2084543854,0.967516839504,0.00929543189704,0.0160747878253,0.5709207654,0.684825778008,0.483681827784,0.0363518856466,0.579044401646,0.634878993034,0.0186735335737,0.505730628967,0.192620694637,0.629622399807,0.651286900043,0.872826159,0.600909590721,0.495647460222,0.975318729877,0.452784061432,1.32507891977e-21,1.0,0.968317627907,0.312444329262,0.693760156631,0.845768272877,0.0888403654099,0.0718915387988,0.114351592958,0.824284136295,1.0,0.987724721432,0.065540805459,3.89684554963e-17,0.290194422007,0.712727367878,0.954320847988,0.306120425463,0.999731838703,0.934130847454,0.990840375423,0.468183785677,0.618735671043,0.679482042789,0.697365164757,0.998840272427,0.76796233654,1.0,0.0324701406062,0.000207992139622,0.524765789509,0.483161538839,0.00181435246486,0.461843967438,0.422696232796,0.146623685956,0.837760329247,0.770932257175,0.771323561668,0.956611633301,0.194411024451,0.162040010095,0.899442076683,0.00351916858926,6.0
0.0664954185486,0.499143272638,0.918425798416,0.552702665329,0.595710754395,0.998922109604,0.0200687460601,0.978215515614,0.996625542641,0.992641150951,0.994065761566,0.00315554323606,0.131341069937,0.0190939828753,0.036430619657,0.0468029044569,0.878810942173,0.996754586697,0.548040926456,0.880992293358,0.539191663265,1.0,0.335883617401,0.981407046318,0.291142702103,0.83904671669,0.689313232899,0.532119810581,0.0216587316245,0.755470335484,0.439525932074,0.970628559589,0.0556445792317,6.10117183442e-08,6.58480639686e-05,0.961651563644,0.857624530792,0.0114764431491,0.516139745712,0.518345415592,0.148129284382,0.15427236259,0.019621765241,0.0294168181717,0.376292467117,0.330535620451,0.964009821415,0.999998569489,0.745310723782,0.993788659573,0.176843449473,0.00268423743546,0.899674117565,1.0,0.455880016088,0.103245355189,0.996599972248,0.0594067387283,0.327791810036,0.554379999638,0.0741999521852,0.967913269997,0.983012497425,0.156785145402,6.0
0.252342790365,0.173896819353,0.937822341919,0.013540240936,0.99361294508,0.417769759893,0.522574603558,0.967683911324,0.0755215585232,0.116009421647,0.943647921085,0.0144512820989,0.991322398186,0.645432054996,1.0,0.941149353981,0.968911826611,0.00331631791778,8.23715673448e-09,0.355853646994,0.533270955086,0.521267235279,0.752023518085,0.354060083628,1.26813267798e-06,0.064910531044,0.312272489071,0.299557358027,0.972939133644,0.950196683407,0.516109228134,0.051112420857,0.0330319665372,0.83558511734,0.933310806751,0.962941706181,0.953153550625,0.0547629892826,0.719586074352,2.99896214528e-08,0.394980430603,0.965941488743,0.986540734768,0.042113006115,0.942976534367,0.277350515127,0.640680909157,0.0127480877563,0.985695540905,0.687093853951,0.168808355927,1.0,0.105929456651,0.472088366747,0.60827845335,0.378313452005,0.995494365692,0.53302782774,0.33662879467,0.544343173504,0.170475751162,0.77054464817,0.507940948009,0.969806611538,1.0
0.597341120243,0.574717104435,0.911349117756,0.37026950717,0.785369873047,0.873659551144,7.28314630827e-12,0.133752569556,0.782934963703,0.696331381798,0.998889505863,0.0144688952714,0.617136597633,0.116626471281,0.00173030933365,0.658847391605,0.996549010277,0.931343913078,1.0,0.999451577663,0.545831084251,0.999659061432,0.107938200235,0.975602269173,0.861511588097,0.792524933815,0.994077563286,0.039384290576,0.474375844002,0.866566300392,0.392115116119,0.855237305164,0.193243771791,3.39426536635e-16,4.98516505854e-11,0.865285336971,0.585444927216,0.858933746815,1.0,0.855848431587,0.631653487682,0.999632000923,0.0286848284304,0.0499161183834,0.894522666931,0.0109000289813,0.518671095371,0.615359067917,0.00458767078817,0.912242770195,0.732573151588,0.586156785488,0.689978659153,0.995222270489,1.0,0.0378997400403,0.46189931035,0.00154732097872,0.984768211842,0.993650138378,0.055865239352,0.0977848321199,0.160339891911,0.0248160418123,6.0
0.770350754261,0.953476250172,0.280761003494,0.682933688164,0.986151397228,9.08722940949e-05,0.568347334862,0.0342799350619,0.957854390144,0.706456065178,0.00996501836926,0.00238290266134,0.415931046009,0.821708142757,0.00598347466439,0.999083518982,0.997266173363,0.965567708015,0.682753205299,0.452284038067,1.0,0.982780098915,0.0240931026638,0.152764171362,0.995578110218,0.000697208684869,0.669193804264,0.995752573013,0.0179555378854,0.463511437178,2.74549726034e-26,0.901246070862,0.0520694851875,0.586618304253,0.999869704247,0.762371301651,0.00120310252532,0.908924221992,0.434524297714,0.992130696774,0.659618794918,0.987611830235,0.597077548504,0.682736515999,0.852744400501,0.098209194839,0.00111776392441,1.0,0.587511122227,0.987671017647,0.151994615793,0.0301533509046,0.00772441225126,0.473795831203,0.515984594822,0.999965548515,0.578482747078,7.53455751692e-05,0.0294436998665,0.722034215927,0.233987107873,0.837716460228,0.440479874611,0.0038775766734,0.0
0.162138953805,0.99652326107,0.928000330925,0.305058121681,0.0272079389542,0.006720604375,3.93067231496e-19,0.0908437147737,0.00481315469369,0.548149049282,0.0116033656523,0.0431185513735,0.739686965942,0.613630414009,0.621435940266,0.0865800827742,0.000159079878358,0.983433246613,0.999999880791,0.0765108838677,0.518680989742,2.6261401438e-30,0.553377449512,0.295456916094,0.0558149106801,0.914404332638,0.405614316463,0.00120096607134,0.842036306858,0.981144845486,0.999997496605,0.0406822785735,0.958195209503,0.589834988117,0.440242886543,0.773172259331,0.450342983007,0.127321720123,0.446526706219,0.492378085852,0.955581307411,0.560503542423,0.341440796852,0.136842131615,0.63035929203,0.936514675617,0.526997983456,0.563447773457,0.999787509441,0.928820073605,0.862178325653,0.977996647358,0.0290085598826,0.00246757571585,5.70528867205e-12,0.884705841541,0.0918952450156,0.603991031647,0.998860359192,0.162556409836,0.164144158363,0.920168340206,0.0037328407634,0.884258270264,7.0
0.295904546976,0.00103786296677,0.892451167107,0.971910119057,0.900354683399,0.546896934509,2.03480551852e-10,1.5552928744e-05,0.997977674007,0.818930983543,0.912182271481,0.921705543995,0.0665858238935,0.971985042095,0.0844037160277,6.10342831351e-05,0.388426303864,0.0220150314271,0.520206689835,0.96528416872,0.0002094762458,0.993936598301,0.804449021816,0.977368354797,0.105749264359,0.0022081558127,9.7622762496e-07,0.392565131187,0.472770601511,0.93505179882,0.514154672623,0.0406375937164,0.318847447634,1.0,0.129679724574,0.950860381126,0.157281562686,0.0243627745658,0.999826848507,1.2556934962e-05,0.00694149360061,0.303062856197,0.423263460398,0.972222268581,0.602161586285,0.000633331539575,0.55443662405,2.79688229057e-05,0.155320629478,0.196052059531,0.920267045498,0.539764285088,0.796413242817,0.522132217884,0.983287215233,0.0250853262842,0.679834246635,0.893632352352,0.000552218873054,0.83821606636,0.339016497135,0.113886125386,0.95513600111,0.55994874239,1.0
0.0146770337597,0.000703987490851,0.916865289211,0.94841337204,0.522439599037,0.869654297829,0.426067560911,1.26713315396e-08,0.955677866936,0.238713055849,0.338555306196,0.991921901703,0.309084117413,0.475778669119,0.589777052402,0.452816039324,0.992036521435,0.176416367292,0.670617640018,0.159287601709,0.517238914967,0.507321894169,0.970857322216,0.568990468979,0.256495594978,0.953908979893,0.584094107151,5.74897228489e-07,0.945879042149,1.12807387129e-12,1.0,0.147935003042,0.842939257622,0.422053545713,3.65161578682e-15,0.647407114506,0.999818265438,0.940921545029,0.0390353314579,0.0376516766846,0.994797945023,0.511625885963,0.00260454253294,0.999959468842,0.18790332973,0.989026606083,0.976429104805,7.41503345125e-06,0.0198584273458,0.668367087841,0.999413013458,0.603684663773,7.90342746768e-05,0.401097595692,1.0,0.00253958487883,8.94203115556e-20,0.424059003592,0.0731164440513,0.974379658699,0.969521820545,0.000753981235903,0.335270404816,0.199415922165,2.0
0.188398450613,0.995798170567,0.93001306057,0.950730085373,0.0517337471247,0.00877393595874,0.47243398428,0.910861909389,0.551719725132,0.993800222874,0.0284458957613,0.998721539974,0.921693682671,0.336482226849,0.691258370876,0.0968046411872,0.615688025951,0.65122961998,1.0,0.0024171131663,0.56300765276,2.2154926598e-23,0.278643786907,0.0586470849812,0.00365757476538,0.928405106068,0.883733451366,0.460998743773,0.950468599796,9.69596649606e-14,0.0319443307817,0.147795334458,0.965967535973,0.493715286255,0.302961856127,0.972750902176,0.0434997305274,0.446092456579,0.0451076626778,0.00138530647382,0.636582434177,0.0666722506285,0.0300613064319,0.0081310980022,0.001136324252,0.0595323741436,0.94744426012,2.07875700653e-06,0.987849652767,0.772541701794,0.975773513317,0.0101642115042,0.324475049973,0.988957107067,0.520708739758,0.965659499168,4.57846980781e-25,0.534329235554,0.99362295866,0.0882895588875,0.257847964764,0.761851608753,0.0134520158172,0.528316259384,7.0
0.98762845993,0.989040017128,0.284005224705,0.588194847107,0.470969229937,0.469563633204,0.543053090572,0.0221145786345,0.960655272007,0.820161998272,0.00709602190182,0.571792542934,0.863761603832,0.809602558613,0.0188028570265,0.46851810813,0.718871891499,0.0972111225128,0.561480224133,0.900124430656,3.04780173321e-10,1.0,0.639613628387,0.0623343661427,0.741527736187,0.43181475997,0.246976196766,0.0246071517467,0.00132951373234,1.88114999133e-08,0.484754294157,0.334807693958,0.675270736217,0.634613752365,0.403619557619,0.672888338566,0.277861833572,0.0507064424455,0.152632370591,0.75915569067,0.616951704025,0.0335383564234,0.004927277565,0.670951128006,0.262091785669,0.670578896999,0.655254721642,0.469850063324,0.80443418026,0.777983725071,0.954736292362,0.0883665829897,0.205038040876,1.0,6.97139194017e-06,0.985393226147,0.81917154789,0.274143218994,0.952513873577,0.744950294495,0.467850714922,0.993553757668,0.983230829239,0.0616962984204,3.0
0.00204516225494,0.57747823,0.731331765652,0.755424618721,0.0109155969694,0.969350934029,0.447182744741,0.0394903048873,0.998980224133,0.943077802658,0.97877573967,0.663731217384,0.624350488186,0.430789142847,0.939479708672,0.423216670752,0.929830789566,0.980120003223,1.55819670908e-05,0.983132064342,0.0647782161832,0.451187938452,0.013667925261,0.0686087459326,0.981477558613,0.959369301796,0.0034747319296,0.697854936123,0.755639016628,0.000126408398501,0.0507321804762,0.985650122166,0.2222430408,2.54487891264e-13,0.787572383881,0.752776801586,0.427038609982,0.952042818069,0.290982425213,1.92454735952e-05,0.982043743134,0.84990799427,0.00640795473009,0.0716360285878,0.216390550137,0.18587000668,0.0475886054337,0.0217865463346,0.518547475338,0.56496566534,0.991238057613,0.163411140442,0.19140355289,1.0,0.999412536621,0.0862805023789,0.773047029972,0.0214078910649,0.369918495417,0.487571537495,0.879020869732,0.730121731758,0.458457052708,0.0262020900846,1.0
0.232752919197,0.770050823689,0.976366639137,0.0687471330166,0.677985489368,0.0724579542875,4.30794622197e-10,5.65382265449e-08,0.998041272163,0.954159319401,0.276127427816,0.949242293835,0.915674328804,0.696957945824,0.542351365089,1.82080928113e-08,0.943932890892,0.545734286308,0.85980951786,0.931207954884,0.652461469173,1.0,0.287059247494,0.452912390232,0.0262849405408,8.74910426774e-07,1.54826496068e-09,0.555230379105,0.0776302888989,0.956617355347,0.536623775959,0.504234313965,0.188207417727,0.648427009583,0.0396715253592,0.992653727531,0.256457000971,0.25594446063,0.65171957016,5.14644334093e-11,0.196839421988,0.705343365669,0.983659148216,0.987436890602,0.506485879421,0.00106194056571,0.832336425781,0.457061946392,0.276818484068,0.205828607082,0.257831782103,0.0118965944275,0.0238571483642,0.485521703959,0.999741494656,0.00561207160354,1.20821459859e-06,0.283558607101,0.000807329721283,0.298503398895,0.232269749045,0.954007744789,0.708453118801,0.942193388939,1.0
0.994843840599,0.99188965559,0.0199106764048,0.00048902106937,0.850457906723,0.00540779531002,0.991093814373,0.793901622295,0.395396023989,0.995803415775,0.107276238501,0.18182900548,0.985743582249,0.996457159519,0.595760583878,0.346035689116,5.67149243125e-07,0.838900506496,0.488121956587,0.825881063938,1.0,1.0,0.189526319504,0.0423351675272,0.916755020618,0.0265300124884,0.382739394903,0.137367963791,0.609553396702,0.370833277702,5.18002133331e-31,0.137886494398,0.622278809547,0.576757371426,0.998827397823,0.931250751019,0.399476081133,0.434235483408,0.00344391539693,0.898512125015,0.102127574384,0.610285520554,0.928712308407,0.876749992371,0.10494543612,0.360728114843,0.050394281745,2.0137283361e-14,0.00590176787227,0.442203938961,0.983609080315,0.472364246845,0.997350692749,0.999999880791,0.632963299751,0.996706426144,0.911332905293,0.484506964684,0.650620400906,0.00131084164605,0.586298346519,0.16636030376,0.344271302223,0.047658149153,5.0
0.478255867958,0.979370951653,0.358173310757,0.454223573208,0.854415237904,0.0433632656932,0.994355082512,0.944668471813,0.957049429417,0.000690238492098,0.00428788457066,0.249750748277,0.438316762447,0.287356972694,0.00825996510684,0.941524744034,0.935561656952,0.179986849427,0.750301897526,0.482596606016,1.43987651663e-11,1.0,0.179122507572,0.0819462910295,0.0390907749534,0.00108017167076,0.00548400310799,0.376194417477,0.00595784839243,2.78466395685e-05,0.20429250598,0.931155443192,0.0051932814531,9.71640438463e-14,0.332479655743,0.963181316853,0.141708701849,0.996121823788,0.138928130269,0.920694291592,0.80587720871,0.683039665222,0.98923766613,0.0100593846291,0.980057835579,0.875171780586,0.61584931612,0.538163423538,0.648581624031,0.73651188612,0.00438730744645,0.761300384998,0.00596514483914,0.474602401257,0.999757945538,0.981984555721,0.423940628767,0.00340813887306,0.875524044037,0.952294588089,0.994371771812,0.939300298691,0.954662621021,0.963033914566,3.0
0.287935227156,0.584317803383,0.95383644104,0.993195533752,0.37735787034,0.00186530698556,0.54521304369,0.926631629467,0.0608838647604,0.886422395706,0.742549061775,0.996549248695,0.198127061129,0.731528282166,0.553112387657,0.422962486744,0.986068725586,0.00745685584843,0.573170304298,0.633083224297,0.543912410736,0.957319378853,0.00123255641665,0.145752474666,0.0664738789201,0.738464474678,0.998450517654,0.964059352875,0.26267901063,3.78319162698e-27,1.25339713618e-21,0.310938775539,0.994065284729,0.597150623798,0.950669705868,0.984796047211,0.435370981693,0.187916532159,0.0273494459689,0.0114760324359,0.726404249668,0.798283934593,0.0597651787102,0.0100219314918,0.000502162496559,0.342279046774,0.909232497215,1.66360689113e-10,0.547152459621,0.958511531353,0.648435533047,0.00606376351789,0.117550462484,1.0,6.55176563669e-07,0.947606861591,1.80369697773e-05,0.503461003304,0.500708520412,0.933222651482,0.00309367477894,0.544267117977,0.000320364866639,0.335660099983,2.0
0.00404213555157,0.710798203945,0.926410496235,0.72746604681,0.000456077832496,0.549997031689,3.77272843478e-27,0.88792526722,0.00188163435087,0.989129662514,0.807240068913,0.0350470878184,0.0907628834248,0.988418877125,0.11250732094,0.0102563397959,0.673810601234,0.982317090034,0.628792703152,0.549752414227,0.553129076958,7.79233088346e-20,0.0281382817775,0.0925981923938,0.436180561781,0.998686373234,0.140286505222,0.0892098844051,0.997790336609,0.696420311928,0.398811370134,0.580932736397,0.992381155491,2.71168243415e-09,0.991357207298,0.928180873394,0.848188996315,0.36822411418,0.461092114449,0.411451131105,0.99901497364,0.0154374977574,0.108036696911,0.450440049171,0.484854757786,0.891665220261,0.269609361887,0.601950466633,0.973949193954,0.992103457451,0.478443205357,0.100439056754,0.578438103199,1.0,0.193967059255,0.752318561077,0.655664086342,0.448156505823,0.453563123941,0.433616697788,0.396834999323,0.0205325223505,0.768798351288,0.316636234522,9.0
0.984796762466,0.986007630825,0.000352851435309,0.662895381451,0.545900285244,0.499869376421,0.515800833702,0.369081258774,0.975084841251,0.786858260632,0.489615052938,0.0125295780599,0.955948233604,0.115848496556,0.548314332962,0.670289039612,0.555726051331,0.625418365002,0.335945725441,0.491337716579,2.70549888824e-20,0.999999284744,0.96616590023,0.570594608784,0.104551538825,0.271880149841,0.0821813717484,0.138518467546,0.00988108757883,0.330390572548,0.573256134987,0.210064917803,0.142813265324,0.988731980324,1.5357222965e-15,0.859935998917,0.871695458889,0.0288159810007,0.282480716705,0.9958537817,0.832233667374,0.471271127462,0.0878423899412,0.0418905578554,0.752404153347,0.878151476383,0.40907767415,1.0,0.707717061043,0.345790833235,0.118913859129,0.0212707966566,0.138137355447,2.39351122255e-10,3.90050693966e-08,0.00775416474789,0.987365722656,0.855916321278,0.985802233219,0.847696840763,0.0348218753934,0.97677052021,0.0426805131137,0.47872453928,6.0
0.0142113063484,0.110603287816,0.731375277042,0.0898530334234,0.0758811160922,0.951613247395,3.56246643296e-10,0.000477063062135,0.907839357853,0.949726045132,0.969720304012,0.892327666283,0.39029955864,0.611564338207,0.891486525536,0.00742165371776,0.982909619808,0.87586337328,4.88742335492e-09,0.988110423088,0.0160759631544,0.483784019947,0.310554742813,0.251557737589,0.990018367767,0.891816437244,5.72945459965e-08,0.56804561615,0.423066020012,5.32841568202e-06,5.24835513591e-12,0.67780059576,0.795640647411,9.31285558181e-06,0.981859385967,0.722628057003,0.171485826373,0.983566999435,0.452568560839,5.36722200195e-06,0.996702373028,0.995482325554,0.0853450670838,0.000641038408503,0.922902524471,0.661341607571,0.0259335264564,0.0581272542477,0.635209977627,0.805466175079,0.994451701641,0.446885704994,0.0427608303726,0.999964237213,1.0,0.159638687968,0.89159744978,0.00463682133704,0.442288100719,0.682532668114,0.491790384054,0.376265466213,0.1089855358,0.226353883743,1.0
0.233307793736,0.977982163429,0.239170372486,0.997855126858,0.00090619007824,0.0259124394506,0.520912885666,0.950382351875,0.91146916151,0.0542726330459,0.805728256702,0.518528580666,0.771466434002,0.148687541485,0.987763106823,0.0239006914198,4.91167013914e-22,0.198989957571,0.0454637408257,0.00459314836189,4.10562859751e-12,0.446379125118,0.663370072842,0.0100022889674,0.0133609864861,0.389964669943,0.692155659199,0.0927800908685,0.993779957294,1.03248763705e-11,1.26804734464e-05,0.638871133327,0.895404517651,0.576475679874,6.01721146867e-12,0.908336162567,0.857117116451,0.980186343193,2.01800799005e-06,0.801781237125,0.656153917313,0.0111202774569,0.756665825844,0.869081914425,0.000370635418221,0.910946369171,0.109401069582,6.18350179003e-14,0.677727162838,0.813317716122,0.995095789433,0.907586395741,0.841818451881,4.57458723679e-13,6.9013949246e-32,0.0229464489967,2.0865807972e-23,0.998555719852,0.0348857417703,0.0108853057027,0.997092247009,0.114534921944,0.00103388936259,0.967372119427,5.0
0.820565462112,0.00759689183906,0.0194304008037,0.962179481983,0.0414601303637,0.926224529743,0.567462444305,0.734440088272,0.438310772181,0.935984730721,0.861171841621,0.99551409483,0.429835170507,0.37434771657,0.998303055763,0.152259424329,0.457105100155,0.449487239122,0.226931497455,0.123280547559,6.66207189004e-16,0.744958758354,0.0262659471482,0.113645903766,0.0432346574962,0.742615044117,0.148327931762,0.0585631094873,0.834220349789,4.83497497044e-05,0.5532553792,0.00192110810895,0.904056191444,1.0,0.730060398579,0.823346138,0.724854171276,0.734665572643,0.360514104366,0.018347511068,0.596582353115,0.116483904421,0.188442379236,0.633637547493,0.0265281349421,0.715327978134,0.949682354927,0.499519646168,0.317540317774,1.01543751185e-08,0.62114828825,0.00573132000864,0.469084918499,0.492797613144,0.486904889345,0.274134635925,0.583072304726,0.514429688454,0.10377150774,0.501810729504,0.929089009762,0.0150264296681,0.288957059383,0.981479465961,1.0
0.797530174255,0.53493309021,0.218983769417,0.113374091685,0.714092612267,0.991066515446,3.85955263482e-06,0.0461743958294,0.99973243475,0.876920461655,0.568952262402,0.429619729519,0.208320870996,0.219359949231,0.250468760729,0.303040474653,0.173913180828,0.917037129402,0.999992489815,0.701954483986,6.16117201702e-09,0.852554857731,0.79667955637,0.828734993935,0.844315171242,0.0314812809229,0.256688773632,0.0656380355358,0.0280011389405,1.34796721341e-06,0.173842206597,0.468480288982,0.0103858979419,1.0,0.348529756069,0.59525001049,0.145531207323,0.955701291561,0.436178982258,0.275724768639,0.15036650002,0.671535730362,0.054571762681,0.728945612907,0.228142544627,0.277391821146,0.881237208843,0.489004820585,0.960759222507,0.688318610191,0.743645608425,0.0266806874424,0.813878893852,0.999982476234,0.99995970726,0.769257903099,0.939209520817,0.0339787565172,0.826047301292,0.198607087135,0.675753831863,0.963954985142,0.990130484104,0.107873462141,4.0
0.209686979651,0.941732347012,0.988449156284,0.482961088419,0.446223109961,0.899485588074,1.90193662478e-21,0.923897206783,0.00590005330741,0.174866214395,0.998364388943,0.449070781469,0.331041961908,0.247416004539,0.000390757690184,0.328743636608,2.68325067054e-07,0.125981524587,0.674976289272,0.163081109524,0.51432800293,0.442929685116,0.992020308971,0.944905459881,0.0633289813995,0.406304359436,0.3911241889,0.0300373453647,0.999484539032,1.88712201421e-09,3.71020942139e-23,0.943762421608,0.50382912159,0.587166249752,0.361918956041,0.986636996269,0.00249816616997,0.481099009514,0.221512824297,0.774794518948,0.0466978438199,0.0162112284452,0.973035573959,0.243651747704,0.998984396458,0.000975184084382,0.0137356398627,0.589285969734,0.0146043291315,0.998855352402,0.00173695152625,0.303845018148,0.999986171722,5.85846002821e-08,0.535194814205,0.188466072083,0.946692705154,0.976126670837,0.987309396267,0.872177004814,0.0178695060313,0.0508731305599,0.954125761986,0.843738436699,2.0
0.992302417755,0.592693805695,0.923852145672,0.555936813354,0.0331489779055,0.010521245189,4.34109513988e-18,0.132002472878,0.996167600155,0.999459087849,0.165812388062,0.999663472176,0.0850937366486,0.455185592175,0.644939601421,0.933767855167,1.21314692449e-16,0.381462067366,0.491809517145,0.538400113583,0.786118984222,1.0,0.506058871746,0.80546194315,0.0448345057666,0.725726723671,0.460255235434,0.00639757141471,0.00174966279883,0.00445957714692,2.39625887406e-23,0.00966098252684,0.433149367571,1.0,0.848618388176,0.905593216419,0.00305027025752,0.609871327877,0.458400607109,0.0124558927491,0.135575816035,0.263131856918,0.0630878433585,0.303119808435,0.538058459759,0.12375973165,0.989279687405,2.80906669453e-11,0.220514133573,0.540721178055,0.963416814804,0.00565246073529,0.999355494976,0.484601616859,0.999999523163,0.98211735487,0.479868590832,0.237499833107,0.973999619484,0.0880778729916,0.426293730736,0.795631110668,0.0454583503306,0.809953629971,7.0
0.856280982494,0.00361673324369,0.040352139622,0.999158143997,0.993287622929,0.0016079939669,4.50152057851e-08,0.786351680756,0.89822936058,0.00272439280525,0.753410637379,0.427881926298,0.0199817493558,0.335828721523,0.745348632336,0.0441256649792,1.32794627916e-06,0.181297928095,0.990103363991,0.00016163563123,1.0,1.0,0.0292388107628,0.997723519802,0.000736864865758,0.031538002193,0.466799378395,0.113758981228,0.0117474067956,3.57484200427e-17,1.0,0.00802913866937,0.131079226732,1.0,0.634981632233,0.873985230923,0.995113193989,0.944605648518,0.000321231287671,0.396320253611,0.0065135974437,0.126819193363,0.975704312325,0.21220049262,6.15029202891e-05,0.209262818098,0.982448518276,0.999938964844,0.662284910679,0.517265915871,0.283310472965,0.907073259354,0.485018819571,0.451757282019,0.462291061878,0.903381407261,1.43771334794e-27,0.999387860298,0.194469109178,0.138914108276,0.920960187912,0.226748332381,0.003757719649,0.856653392315,7.0
0.986349403858,0.996732831001,0.00106680148747,0.0795708224177,0.327796131372,0.0226063150913,0.514995396137,0.0142589136958,0.732292532921,0.113457277417,0.0289223026484,0.0669300183654,0.846038818359,0.522181928158,0.504702210426,0.99072599411,0.459136217833,0.436423063278,0.694802999496,0.260207891464,1.0,0.999988555908,0.744047641754,0.168021664023,0.995668649673,0.061087872833,0.909668087959,0.999201834202,0.477256506681,2.66553524852e-06,0.107770211995,0.931426227093,0.0215295031667,0.546787500381,0.509989798069,0.647945463657,0.25532078743,0.999637842178,0.436279773712,0.988364815712,0.916097939014,0.980052351952,0.988583922386,0.912232756615,0.739084541798,0.977539300919,0.0244860779494,1.0,0.00199089362286,1.00545148598e-05,0.0563896000385,0.0271632540971,0.00170301354956,4.38329175316e-27,0.833073794842,0.562438726425,6.33211285242e-16,0.0343812890351,0.0135923689231,0.898455321789,0.571357250214,0.0275277104229,0.100179441273,0.00155025429558,0.0
0.212291270494,0.984022080898,0.949216008186,0.560316801071,0.997614145279,0.000464163487777,1.0,0.00603339681402,0.0093157319352,0.376630008221,0.00403964845464,0.945315599442,0.562041580677,0.840232372284,0.220564454794,0.625796616077,0.870741426945,0.291238337755,0.772400438786,0.0305903851986,0.529550790787,0.47617483139,0.107343226671,0.0677425265312,0.382009595633,0.121381789446,0.329673737288,0.000279261003016,0.991429746151,1.348503198e-09,7.08168202898e-12,0.95689624548,0.943935155869,1.31766614686e-06,0.81798183918,0.860439777374,0.452042251825,0.603619873524,0.440006434917,0.0540831647813,0.0302864704281,0.161522328854,0.660427033901,0.928325891495,0.519555747509,0.843218147755,0.442368358374,0.559043645859,0.0061347419396,0.98747497797,0.661889672279,0.182062298059,0.0383730567992,9.45865456271e-13,2.47320804192e-05,0.995275616646,3.09870645429e-16,0.072215937078,0.936700284481,0.962929546833,0.895692944527,0.016500018537,0.0444106161594,0.949833214283,3.0
0.985657095909,0.991973757744,0.986466467381,0.0769031718373,0.000901472056285,0.994047522545,0.000171678402694,0.996684849262,0.00821583438665,0.123458005488,0.452751994133,0.992759346962,0.819814145565,0.00135605619289,0.662040293217,0.918323636055,2.15422159278e-11,0.383951723576,0.45393165946,0.129381209612,0.519359409809,0.506610512733,0.499409884214,0.933096051216,0.133164256811,0.602613329887,0.505251586437,0.960702776909,0.997707247734,0.99811565876,0.452350467443,0.101056374609,0.416645288467,0.513288795948,0.441805839539,0.994693815708,0.000166782338056,0.734513580799,0.611057937145,0.161571756005,0.123245425522,0.609237194061,0.997235000134,0.000869451905601,0.996773540974,0.919519901276,0.839682877064,1.94201187249e-12,0.00230818032287,0.161138102412,0.0126964589581,0.913983166218,0.233622282743,0.434915751219,0.501116633415,0.576756179333,0.949878811836,0.0933327525854,0.690645575523,0.406784534454,0.130683451891,0.0035505972337,0.777102649212,0.992420852184,4.0
0.998683512211,0.986786425114,0.31146338582,0.504066407681,0.0164850205183,0.0100090662017,2.73324738493e-13,0.914308309555,0.449995726347,0.806438744068,0.0162233244628,0.131953477859,0.491510748863,0.358092933893,0.969318807125,0.485809236765,7.88446075318e-26,0.977852344513,1.0,0.0777207165956,0.999984025955,0.999998450279,0.305121153593,0.630648910999,0.35316824913,0.831804573536,0.254916906357,0.912358462811,0.592827260494,0.996697306633,1.0,0.15066511929,0.966744482517,1.0,0.492505729198,0.957540929317,0.0409775003791,0.0571883395314,0.058315590024,0.713439285755,0.0935590416193,0.76611918211,0.017840700224,0.00119830539916,0.00818740297109,0.833302080631,0.893445312977,7.95257437858e-05,0.00224183546379,1.40782968616e-10,0.998893201351,0.991654753685,0.646534919739,0.388908028603,0.483141541481,0.900590538979,3.08854112063e-07,0.345387518406,0.901243627071,0.0170691348612,0.652094423771,0.0171452071518,0.00856405030936,0.536232769489,7.0
0.375503689051,0.92986369133,0.0258954744786,0.0454816445708,0.294866383076,0.91858112812,1.52566101974e-08,0.163399636745,0.998730003834,0.362087547779,0.0156343113631,0.0223188754171,0.292916685343,0.783544003963,0.00478509720415,0.502254366875,3.51552148459e-06,0.613194465637,0.586759984493,0.161216542125,1.0,8.43515266524e-08,0.992288768291,0.543345212936,0.342076003551,0.00409937091172,0.431153416634,0.863521754742,0.47133153677,1.64941341835e-11,0.0133544942364,0.382405072451,0.00295146205463,0.650594115257,0.337527900934,0.721870601177,0.160429045558,0.960937976837,0.00832194276154,0.992133259773,0.742881834507,0.517745792866,0.882521808147,0.41431337595,0.548360109329,0.938290715218,0.365221887827,0.505394756794,0.980343461037,0.581647515297,0.0825720578432,0.178048297763,0.111261360347,0.999989509583,0.873114228249,0.930548906326,0.897164463997,0.814332842827,0.690773785114,0.06191072613,0.031380712986,0.835103392601,0.989681065083,0.00289913010783,4.0
0.159167513251,0.962026655674,0.490784138441,0.0133617408574,0.0435021594167,0.735795676708,3.11524381686e-05,0.000259009044385,0.25067794323,0.991824448109,0.948451340199,0.758305490017,0.576869666576,0.533278405666,0.294699519873,0.000518292363267,0.548044800758,0.486753344536,4.70278760378e-10,0.992545902729,0.98041087389,1.0,0.680064082146,0.157765612006,0.990698039532,0.941198348999,1.0907085235e-09,0.945357382298,0.189880996943,0.719371199608,8.79970969053e-19,0.89714384079,0.967819452286,0.0602823607624,0.967198550701,0.867155015469,0.002732175868,0.521845042706,0.485587984324,0.000148534221807,0.938005030155,0.855273663998,0.544496893883,2.89702802547e-05,0.991464197636,0.51570981741,0.0357929132879,0.406560957432,0.309588640928,0.44512373209,0.997579276562,0.777358114719,0.941387593746,0.444953948259,0.999997735023,0.847197711468,0.799447119236,0.0569782443345,0.293416261673,0.323254555464,0.396715134382,0.82274800539,0.148289144039,0.298701107502,1.0
0.996760427952,0.0468681901693,0.395008832216,0.949231147766,0.765487074852,0.135692149401,0.489795386791,1.12910403249e-10,0.621806383133,0.0112695107237,0.0498441085219,0.909007847309,0.332923054695,0.996155798435,0.601332962513,0.484028995037,8.15374623288e-13,0.00154997094069,0.294456034899,0.798549890518,0.999998927116,0.943089663982,0.991640925407,0.0474184378982,0.852292478085,0.847148001194,0.120454229414,1.64245914647e-08,0.0173168685287,2.07552188835e-16,0.493918657303,0.00477068545297,0.893360078335,1.0,0.343130558729,0.667104542255,0.877652585506,0.595277607441,0.318958491087,0.661255717278,0.541410803795,0.204852566123,0.00587387708947,0.999982833862,0.523009836674,0.652870953083,0.124921046197,0.531215965748,0.161238059402,0.68632543087,0.984995305538,0.669548094273,0.451217055321,1.122257994e-12,0.476902872324,0.570497214794,0.68820643425,0.873845100403,0.755122721195,0.997860968113,0.931474208832,0.194494098425,0.637842953205,0.808933973312,3.0
0.0117910308763,0.359734863043,0.907572686672,0.334981113672,0.445822745562,0.784356713295,2.98858375884e-29,0.275354325771,0.00523136695847,0.000717090151738,0.00594145804644,0.129070922732,0.00149931653868,0.779771208763,0.000645609514322,0.541439950466,4.46537118393e-09,0.0891145989299,1.0,0.461294144392,0.975899636745,4.35062065662e-05,0.988775372505,0.959576129913,0.181572318077,0.232533812523,0.0328673794866,0.00150437699631,0.62095272541,0.824250876904,0.999986886978,0.843237221241,0.833622992039,0.999535679817,1.18366313018e-06,0.864314615726,0.0315553992987,0.695385873318,0.515365898609,0.984348237514,0.610812306404,0.0742343217134,0.59486836195,0.382586807013,0.999090790749,0.873648822308,0.323329687119,0.543982744217,0.995117545128,0.709984481335,0.107519172132,0.998830974102,0.284361153841,0.429253160954,0.836881577969,0.931260168552,0.461340397596,0.604593396187,0.938397169113,0.92636269331,0.694767177105,0.785476148129,0.995688378811,0.984494626522,4.0
0.156400889158,0.996618211269,0.481139749289,0.192299962044,0.00747488392517,0.00740885362029,1.03710917632e-09,0.863095939159,0.328633129597,0.770456254482,0.00292360945605,0.68017411232,0.888693511486,0.229734644294,0.967446744442,0.85746884346,0.0585471317172,0.889233291149,1.0,0.00718459160998,0.999928474426,2.26372341957e-26,0.511523842812,0.288917303085,0.131572932005,0.729445040226,0.213992759585,0.966590940952,0.808791399002,0.996452689171,1.0,0.0929017886519,0.685524940491,0.540894627571,0.848751962185,0.934506595135,0.0377691164613,0.0370677225292,0.0242654494941,0.614637196064,0.91932874918,0.480996519327,0.60780954361,0.00521152094007,0.248897612095,0.936858952045,0.822142183781,3.48148319063e-07,0.999699831009,1.17093792995e-10,0.974307239056,0.988452613354,0.00606531603262,0.481169432402,1.74190425539e-12,0.919121205807,0.22672329843,0.810863494873,0.817682743073,0.0120368860662,0.151516377926,0.879600465298,0.00928893033415,0.0884284898639,7.0
0.0799589157104,0.754740297794,0.0603820160031,0.186442434788,0.849264442921,0.954907238483,0.537881076336,2.32492548093e-05,0.537541806698,0.908566772938,0.780962824821,0.296317398548,0.277781009674,0.0582939460874,0.26430606842,3.74211413146e-05,0.632368087769,0.457655221224,3.70977727704e-12,0.418085038662,1.0,1.0,0.990735054016,0.912393510342,0.959917008877,0.895352423191,3.21649000837e-12,0.992835223675,0.25655066967,0.858844995499,0.999342858791,0.936406254768,0.849973499775,0.327986627817,0.918399751186,0.699577093124,0.000960115052294,0.028693664819,0.479057431221,0.000331621442456,0.467471510172,0.760618686676,0.589539706707,1.07901803403e-06,0.947867751122,0.867390573025,0.0108879553154,1.0,0.0116967959329,0.187796324492,0.998507916927,0.905255973339,0.238664641976,9.23919856177e-08,0.542841017246,0.931416511536,0.32799115777,0.373548477888,0.0378844253719,0.814740478992,0.1847936064,0.292856395245,0.789049208164,0.0899284407496,1.0
0.830295741558,0.556223750114,0.970584213734,0.580048680305,0.973901748657,0.777914583683,1.0,0.011918486096,0.901845216751,0.00147893326357,0.175799116492,0.999520421028,0.819819331169,0.141173914075,0.919075906277,0.850674986839,0.933267951012,0.00594899896532,0.550308346748,0.302068471909,0.522754430771,0.999999046326,0.428630530834,0.129397764802,0.824105381966,0.0173275582492,0.999104559422,0.812515556812,0.231977015734,8.84055051387e-09,0.491174846888,0.341281056404,0.0149072520435,0.582234740257,0.00433420110494,0.608866035938,0.159251004457,0.994841992855,0.2310872823,0.0251334942877,0.116005383432,0.988742053509,0.973075568676,0.950173556805,0.0355412401259,0.561070621014,0.864426195621,2.07752148818e-09,0.0726780816913,0.399596124887,0.636261641979,0.64793407917,0.00906822178513,0.170772597194,0.43275475502,0.730474889278,3.22962590005e-09,0.320644915104,0.0657793730497,0.993860244751,0.380578368902,0.468638420105,0.250133216381,0.0105107054114,2.0
0.944881081581,0.260869383812,0.116282857955,0.649051725864,0.292388230562,0.934018731117,4.3226484614e-09,0.0225561931729,0.911038458347,0.97859197855,0.143798753619,0.202756553888,0.19578358531,0.596741974354,0.0594905428588,0.148809954524,1.70152475221e-07,0.663943350315,0.212604686618,0.726576149464,0.999999880791,0.999979019165,0.391584873199,0.975320398808,0.6136277318,0.841488957405,0.0571643076837,0.00408660806715,0.470726937056,1.87010917863e-09,0.446321159601,0.0720482245088,0.881882488728,1.0,0.517906546593,0.729220986366,0.940163850784,0.197656974196,0.413418889046,0.693635106087,0.124511517584,0.0152686396614,0.00326075684279,0.723862230778,0.6730260849,0.953792393208,0.956552088261,0.999995231628,0.0430861227214,0.694447040558,0.486537158489,0.00332160992548,0.169036984444,0.999846577644,0.531712830067,0.86924380064,0.925168037415,0.179594993591,0.565225362778,0.539199650288,0.613431274891,0.0332493856549,0.979924917221,0.810504317284,9.0
0.396315634251,0.978044092655,0.200810313225,0.171605527401,0.998712301254,0.0945113822818,0.474954903126,0.129547297955,0.992485761642,0.927367985249,0.875454068184,0.00897756870836,0.668512165546,0.624309301376,0.396794497967,0.941831409931,0.854296028614,0.928345322609,0.748638153076,0.460037052631,2.8670314278e-13,0.469265967607,0.99848818779,0.915144324303,0.721700489521,0.424475729465,0.885908305645,0.0650296583772,0.0253251716495,0.409862607718,1.10473521886e-07,0.98438924551,0.0237306375057,3.8561315705e-06,0.000623165862635,0.76159286499,0.753607451916,0.0426204167306,0.512906849384,0.950359463692,0.403042942286,0.987906694412,0.151317894459,0.591201424599,0.366229563951,0.132584810257,0.0528170056641,1.0,0.93292927742,0.986656725407,0.762609183788,0.175230875611,0.40075802803,1.38621888372e-23,0.468605786562,0.0275810025632,0.940982103348,0.482541978359,0.971900939941,0.86474531889,0.0173981264234,0.996762871742,0.0304909087718,0.0316924527287,6.0
1.46868287629e-05,0.145304188132,0.615929365158,0.799703001976,0.0228978618979,0.990061044693,0.528249204159,0.797379374504,0.991627335548,0.586338281631,0.735452413559,0.0742903128266,0.723904252052,0.728906750679,0.971168518066,0.956023812294,0.930848956108,0.999772965908,9.10348717298e-07,0.987965106964,2.97645419778e-05,0.991656184196,0.00604073842987,0.0432784631848,0.988440871239,0.995940804482,0.153225287795,0.690686404705,0.720506131649,0.593019843102,0.99723982811,0.997775733471,0.274745374918,1.7081963893e-16,0.244321167469,0.826412796974,0.905111134052,0.836192190647,0.211869508028,5.71011185002e-08,0.982242941856,0.543374061584,0.00452707149088,0.422327131033,0.431098639965,0.26369073987,0.000376408017473,0.364566117525,0.146402463317,0.360060274601,0.977894842625,0.47096902132,0.0569964125752,1.0,0.587512850761,0.0214206073433,0.616968810558,0.0352086424828,0.294296652079,0.608326554298,0.925860464573,0.855244219303,0.878782093525,0.0190448947251,1.0
0.997239947319,0.467330664396,0.853491961956,0.149883240461,0.318699091673,0.948814213276,0.515993714333,0.000108649634058,0.000827019743156,0.428403496742,0.791042149067,0.301108419895,0.920768618584,0.747480094433,0.987055778503,0.00688957283273,1.86329308238e-14,0.956981480122,0.20892187953,0.414126604795,0.815519094467,0.999999880791,0.575951039791,0.147981092334,0.954115688801,0.967333853245,0.385959088802,2.81511074718e-05,0.218274280429,0.6324442029,0.464643865824,0.0123154232278,0.987578570843,1.0,0.496653228998,0.718128919601,0.987768352032,0.834064900875,0.51540517807,0.0228082463145,0.215849786997,0.103920795023,0.528259038925,0.999633789062,0.575635254383,0.808818221092,0.333684056997,0.999999880791,0.0355134941638,0.969114005566,0.799571156502,0.18589784205,0.929070353508,2.63036976166e-16,0.486252486706,0.0974687039852,0.480646491051,0.307790398598,0.224359691143,0.799165904522,0.9912109375,0.129719272256,0.541251301765,0.993131220341,8.0
0.00814476516098,0.961831212044,0.0166959967464,0.828260421753,0.00158492813352,0.00519780116156,9.4809555839e-18,0.215984135866,0.00963618699461,0.950130999088,0.78940230608,0.516401171684,0.602010369301,0.912636935711,0.880805432796,0.213979810476,0.0120132854208,0.672613561153,0.36037632823,0.34724843502,3.24267373266e-17,3.94753491151e-25,0.00353004783392,0.0926797613502,0.560853719711,0.975577533245,0.0167475622147,0.00429624971002,0.999642491341,0.75745177269,0.408750474453,0.332940161228,0.932689249516,0.00740306638181,0.993501365185,0.75797098875,0.434914022684,0.850896060467,1.0,0.705508887768,0.991136431694,0.0153597667813,0.560080707073,0.789313733578,0.826267242432,0.800600111485,0.202423855662,0.999999880791,0.996876955032,0.351024180651,0.312636703253,0.128857031465,0.64457398653,0.476202338934,1.35265551648e-07,0.8843100667,0.445052802563,0.615294694901,0.803532361984,0.528738200665,0.946919560432,0.0626286789775,0.0251485537738,0.868408501148,9.0
0.0483629107475,0.979564785957,0.0430106110871,0.0231638327241,0.584608137608,0.998580336571,0.999955892563,0.836404502392,0.97967338562,0.566286981106,0.951724767685,0.492439925671,0.964013576508,0.332109868526,0.397668004036,0.153452932835,0.0713741034269,0.637641072273,0.522119224072,0.364112019539,3.48086241498e-15,5.13180796976e-26,0.653729856014,0.463521391153,0.0697504580021,0.00180325657129,0.450488090515,0.208027467132,0.99979609251,6.94477648722e-08,0.45050495863,0.415145158768,0.0333130843937,9.23629055183e-12,0.378473103046,0.939524650574,0.138623639941,0.820266902447,0.0136243915185,0.797818899155,0.107836522162,0.711754202843,0.830011248589,0.085812240839,0.215591534972,0.02947329171,0.751996099949,2.03589056724e-08,0.933136224747,0.324411422014,0.0852917730808,0.424918562174,0.377468973398,1.0,0.471121519804,0.745461761951,0.995023369789,0.804742157459,0.965037763119,0.0134969046339,0.101610600948,0.115335784853,0.975002110004,0.678721189499,4.0
0.0318273827434,0.416737616062,0.0022854199633,0.441366761923,0.0956585556269,0.152108684182,2.66368006023e-17,0.983470618725,0.13868586719,0.994911730289,0.643875777721,0.391583502293,0.169440329075,0.0127283874899,0.88585793972,0.978359937668,0.959281742573,0.664565384388,0.434505224228,0.186016708612,1.0,1.0,0.544307410717,0.97930419445,0.0815832614899,0.746450543404,0.832764685154,0.748490571976,0.00700706569478,0.790747463703,0.0167360771447,0.942612230778,0.986694335938,2.62585242439e-09,0.537053465843,0.92998456955,0.0309656597674,0.00459759170189,0.0301917809993,0.949768066406,0.562045514584,0.0506455488503,0.074430949986,0.605159878731,0.552331805229,0.473646312952,0.0544510707259,0.559352755547,0.145023152232,1.63228888739e-10,0.92553371191,0.0326335951686,0.967758715153,5.83412140395e-18,0.479016840458,0.198003292084,1.04018624825e-08,0.62405526638,0.00526340305805,0.0327764339745,0.474094748497,0.831997215748,0.281702756882,0.553859055042,0.0
0.00485712010413,0.227840706706,0.562721848488,0.116061262786,0.708430349827,0.498947679996,2.21904358e-07,0.0781021937728,0.204712674022,0.495600521564,0.877942562103,0.0053114015609,0.00585230998695,0.639774739742,0.695331096649,0.983506262302,0.506414294243,0.981796324253,0.747380554676,0.612478971481,2.25266027078e-13,0.457223385572,0.997469186783,0.45217871666,0.474000781775,0.822319447994,0.796698629856,0.0248415395617,0.960431873798,0.999223232269,1.0,0.988467276096,0.0318488553166,8.7944307392e-10,0.324303328991,0.782703101635,0.279011577368,0.0147031154484,1.0,0.995230615139,0.983888268471,0.997602164745,0.860487937927,0.614334464073,0.962318003178,0.959127426147,0.0339125432074,0.613894701004,0.13482812047,0.893414080143,0.838784694672,0.998344302177,0.0610169917345,8.52094409571e-14,4.4952673528e-11,0.00988683197647,0.989903926849,0.821562051773,0.707009255886,0.932543039322,0.00282033183612,0.0206415690482,0.0357910841703,0.00958086363971,6.0
0.00670368829742,0.0278080459684,0.953278422356,0.884947061539,0.481613993645,0.932684361935,1.0,0.539514005184,0.995642900467,0.717281639576,0.506323993206,0.00174803123809,0.0843250304461,0.740383386612,0.666247546673,0.0789678096771,0.453137665987,0.989882051945,0.0137743875384,0.801999986172,0.612596333027,0.437039494514,0.0256553664804,0.0146152852103,0.826677143574,0.552009224892,0.225468546152,0.990243375301,0.679822921753,0.999378919601,0.999989509583,0.495459914207,0.00185539119411,0.583900630474,0.490325599909,0.878554224968,0.979499518871,0.01279948093,0.582708537579,0.974002718925,0.0939066335559,0.162589475513,0.962215483189,0.271007597446,0.846359908581,0.998632967472,0.993032693863,0.5700481534,0.997412383556,0.887621879578,0.673672378063,0.870026350021,0.226896524429,0.579901516438,7.4090304326e-25,0.263596922159,0.999471604824,0.426945507526,0.000185427357792,0.775157094002,0.709143996239,0.722122251987,0.294860333204,0.0126224830747,8.0
0.268974304199,0.138023927808,0.841289103031,0.833226382732,0.448689579964,0.69490468502,0.99189466238,0.195766434073,0.00516823353246,0.185023576021,0.947378695011,0.512887954712,0.654328286648,0.0279207490385,0.976675331593,0.608480215073,0.993904411793,0.268209338188,0.00354586471803,0.968220353127,0.939960420132,1.0,0.00171106786001,0.369903147221,0.681268155575,0.532239258289,0.794152915478,0.000559574866202,0.01373934187,0.54267013073,0.394017189741,0.264192789793,0.988989293575,0.000605219043791,0.970910131931,0.782983481884,0.87995070219,0.0477849058807,0.997935056686,0.259407103062,0.766075372696,0.53334325552,0.101547710598,0.940892577171,0.914109647274,0.813776731491,0.38423588872,0.9999127388,0.75173330307,0.908504009247,0.108339689672,0.0704617798328,0.0465805716813,0.521320819855,4.20430257915e-21,0.710126399994,0.985956192017,0.0312034357339,0.0388376824558,0.982687056065,0.852473795414,0.825090229511,0.185667619109,0.999478042126,2.0
0.0309675503522,0.421373009682,0.144620895386,0.989787340164,0.187432989478,0.94223690033,1.76818377895e-06,0.19985550642,0.9469871521,0.527538955212,0.553883612156,0.0131931770593,0.0050350362435,0.0145697835833,0.0689208433032,0.0610351599753,0.240832164884,0.903656899929,0.129437953234,0.59508472681,3.19420698388e-15,3.84083342908e-08,0.186546832323,0.911801457405,0.0231593847275,0.118947505951,0.993281960487,0.00635907938704,0.365518987179,0.00186506635509,0.495953440666,0.300330042839,0.084261238575,0.998942911625,4.86760561328e-14,0.755469560623,0.184365496039,0.378364235163,0.999808847904,0.945690453053,0.436662137508,0.546283841133,0.136528521776,0.229550167918,0.18530189991,0.982612252235,0.86939895153,1.0,0.995774328709,0.912962317467,0.0126154012978,0.00422126660123,0.08573269099,0.490920841694,2.09751637204e-21,0.611304819584,0.868968367577,0.562191903591,0.805611371994,0.958212137222,0.00642146728933,0.84159976244,0.228758230805,0.921008884907,4.0
0.953861057758,0.952246844769,0.0225497744977,0.443773120642,0.0210206191987,0.971761643887,5.10996130743e-07,0.0796825960279,0.792057037354,0.465017467737,0.808579802513,0.999571502209,0.981171131134,0.00196069176309,0.992305099964,0.927426815033,0.880167663097,0.00223248382099,0.0965275913477,0.141997516155,2.05815390128e-15,1.0,0.477345824242,0.789906203747,0.559512794018,0.748453915119,0.625109374523,0.0636008381844,0.109054759145,0.746782362461,1.0,0.18015666306,0.205338656902,0.573967695236,0.732408046722,0.00343244266696,0.0815097764134,0.0616494044662,0.189074203372,0.295895576477,0.746679723263,0.03039133735,0.416670262814,0.860883057117,0.424909174442,0.844189822674,0.726295351982,0.462990581989,0.0463865622878,2.02636777233e-16,0.497340232134,0.0712026134133,0.417576104403,0.999371469021,2.09608009259e-25,0.184179142118,0.936206221581,0.993092775345,0.411716848612,0.903661847115,0.0901276171207,0.701882898808,0.825092732906,0.0209696236998,6.0
0.98943322897,0.998721420765,0.217319473624,0.49962157011,0.0372357852757,0.290078550577,0.52024012804,0.252848267555,0.0133043117821,0.218548804522,0.177262455225,0.00167092203628,0.821934938431,0.384082168341,0.0164685305208,0.0361308604479,5.18010665473e-07,0.84904974699,0.496015906334,0.716390073299,0.999999642372,1.0,0.502335131168,0.0362956300378,0.906409919262,0.894418776035,0.93158531189,0.985216379166,0.00752813275903,3.80959086499e-09,0.206412389874,0.832782506943,0.57559543848,0.515642642975,1.38651405895e-13,0.888876199722,0.97500449419,0.865935862064,0.28732252121,0.935168266296,0.933707475662,0.0897114127874,0.886200487614,0.293935716152,0.71294426918,0.981595933437,0.536599934101,1.0,0.0306619890034,0.980234861374,0.0133644370362,0.00638420926407,0.143438160419,1.67286161741e-05,2.64537447947e-07,0.0998603701591,2.64605591838e-06,0.623963713646,0.26676633954,0.982190132141,0.0837919339538,0.720264077187,0.108566582203,0.0127524686977,0.0
0.0412182845175,0.992022633553,0.92921859026,0.223172172904,0.00935628730804,0.0188013575971,4.28590773982e-10,0.318789362907,0.0666078105569,0.982351303101,0.0206329636276,0.999344527721,0.495060384274,0.465774089098,0.71777009964,0.513280630112,3.53055952473e-07,0.400861144066,0.20237210393,0.00382971600629,0.743172645569,3.59851905218e-13,0.747648000717,0.119807980955,0.00292041013017,0.979018568993,0.746578037739,0.015214305371,0.960097253323,0.675885617733,0.454425245523,0.353741943836,0.172794565558,4.52801323263e-05,0.682948231697,0.890384793282,0.105109281838,0.508141160011,0.582528471947,0.0119482167065,0.956527113914,0.0285610537976,0.997210919857,0.324593216181,0.666866183281,0.961123287678,0.981469750404,0.500906348228,0.990251779556,0.508168637753,0.0619294755161,0.0634267702699,0.349515944719,0.456673592329,1.714885002e-05,0.917940378189,2.44001752137e-09,0.993366897106,0.982705831528,0.248086959124,0.0496266558766,0.696332156658,0.022964887321,0.443683385849,7.0
0.998909592628,0.99792611599,0.262363016605,0.0148179363459,0.00303974351846,0.0240370258689,5.16250381846e-16,0.41443297267,0.463447749615,0.992592990398,0.181108534336,0.0018911723746,0.946364700794,0.946882605553,0.000767233141232,0.175711467862,1.21366161916e-22,0.996286511421,0.456858545542,0.735146224499,1.0,1.0,0.600538253784,0.0524384379387,0.173062130809,0.84875524044,0.00735903717577,0.0704761147499,0.66717851162,0.99887663126,0.00372046092525,0.173682510853,0.0228345133364,0.937750518322,0.498306781054,0.932393908501,0.177153632045,0.551041305065,0.510932922363,0.993684232235,0.439356267452,0.0118615627289,0.998418092728,0.182158559561,0.996991634369,0.467468708754,0.685022890568,0.537148594856,0.00380321335979,0.563385307789,0.603485524654,0.966778993607,0.999865531921,0.999985575676,0.99996805191,0.950966119766,0.470656991005,0.862842559814,0.968907356262,0.00223895744421,0.937561988831,0.0915837213397,0.759334623814,0.0367869846523,5.0
0.978493928909,0.976462423801,0.689634025097,0.000217248831177,0.86341291666,0.305936783552,0.508557021618,0.634839177132,0.000966777326539,0.817546546459,0.131048694253,0.968554079533,0.896901130676,0.657148599625,0.908395171165,0.984755456448,0.521149754524,0.738178551197,0.662008583546,0.390795260668,0.999482750893,1.0,0.965490162373,0.635875165462,0.968301832676,0.807086825371,0.017406122759,0.0155424522236,0.0771529451013,0.584228157997,2.18920363604e-17,0.605369508266,0.827571570873,0.475318282843,0.891117155552,0.946127772331,0.253947556019,0.950947642326,1.0,0.0290114805102,0.832236349583,0.922722816467,0.986503601074,0.733594357967,0.999790728092,0.848516762257,0.104284480214,0.954000532627,0.0292614828795,0.78513687849,0.0359032191336,0.0529533550143,0.340280741453,3.47375602579e-28,1.0,0.354115396738,0.870742321014,0.0021127439104,0.902566969395,0.955705463886,0.896241605282,0.458857655525,0.648708283901,0.991006672382,3.0
0.973560810089,0.986114740372,0.921114504337,0.239244505763,0.0297067724168,0.0150000229478,1.07740751241e-16,0.955299913883,0.924489319324,0.940810918808,0.00246760505252,0.997330069542,0.422605603933,0.2652733922,0.784032523632,0.667805790901,1.04353008981e-13,0.575440347195,1.0,0.017274659127,0.571704983711,1.0,0.928454756737,0.482881963253,0.0290853567421,0.386107742786,0.442290812731,0.853996098042,0.00216172030196,3.7125168717e-08,0.000717269896995,0.204665154219,0.940709233284,1.0,0.34731644392,0.982502818108,0.0308061335236,0.548466444016,0.00127618515398,0.0124595714733,0.661712050438,0.353714376688,0.0456625595689,0.00310349604115,0.0127710495144,0.574091017246,0.984680235386,5.35147768855e-21,0.809496581554,0.371240496635,0.995836377144,0.488282650709,0.70023214817,0.508681178093,0.999941825867,0.914599299431,7.6039509704e-14,0.481689214706,0.977550804615,0.00894110649824,0.408151775599,0.970159113407,0.0281197763979,0.625839352608,7.0
0.0100919874385,0.0138731487095,0.667327463627,0.227301344275,0.539261639118,0.0944782420993,0.583528518677,0.98982155323,0.0444141253829,0.997149407864,0.0375897735357,0.935445964336,0.0249310657382,0.538339674473,0.974020659924,0.88982707262,0.698777616024,0.996376216412,0.467913329601,0.0110699366778,0.999930500984,1.0,0.255777299404,0.246300444007,0.00172506086528,0.942151486874,0.0308614745736,0.106049031019,0.704954683781,0.996986925602,1.0,0.565251648426,0.775533974171,3.92745524991e-09,0.920776188374,0.98187315464,0.624947011471,0.00710891420022,0.569428682327,0.0778729170561,0.83714479208,0.158041164279,0.949704825878,0.104273863137,0.820947408676,0.979073286057,0.973742008209,0.499538958073,0.0407130420208,0.00026520222309,0.719744026661,0.574806213379,0.0889476016164,0.409566789865,0.990844666958,0.850444614887,0.401476055384,0.157739162445,0.0497688390315,0.055236697197,0.93821978569,0.013569239527,0.444748312235,0.986733913422,3.0
0.00295550748706,0.200010851026,0.955637812614,0.330405980349,0.231776311994,0.928082287312,1.0,0.310324966908,0.0620281882584,0.746312737465,0.999653458595,0.993595659733,0.947098612785,0.33420753479,0.994016647339,0.125131160021,0.0340373776853,0.285942465067,0.00344729446806,0.858789801598,0.541556596756,1.59495696972e-22,0.00311529450119,0.0322648212314,0.6023401618,0.453537523746,0.569468617439,0.000531638856046,0.999994158745,0.602911710739,2.78983072847e-17,0.129207596183,0.38739785552,0.494407713413,0.958344101906,0.883265733719,0.380424708128,0.852646052837,0.999989509583,0.0254685338587,0.0309163033962,0.224585160613,0.981059730053,0.975694656372,0.986647725105,0.0183959119022,0.83411693573,0.00419287616387,0.953929364681,0.752833247185,0.0312433633953,0.0541839525104,0.983971297741,0.488774955273,5.41251985344e-19,0.491384625435,0.997015237808,0.459866851568,0.113024443388,0.813245177269,0.926833093166,0.0074626179412,0.0936563909054,0.995007634163,7.0
0.20713365078,0.778702318668,0.962478458881,0.60107666254,0.948051273823,0.00525943748653,0.534740447998,0.140378847718,0.5319404006,0.52015966177,0.0813772380352,0.0101523781195,0.240014433861,0.460362523794,0.033207628876,0.979281425476,0.994615852833,0.968219459057,0.0497007630765,0.594279885292,0.507959842682,1.0,0.128545224667,0.578062415123,0.915458917618,0.808354854584,0.955784380436,0.601357400417,0.00167864747345,0.996396720409,0.187836542726,0.971733629704,0.00601162295789,8.92678205661e-12,0.981144607067,0.634174525738,0.22103753686,0.339080601931,1.0,0.954968631268,0.720690608025,0.801623940468,0.99583542347,0.941325724125,0.885383844376,0.774555623531,0.0382876321673,1.0,0.691108465195,0.985369920731,0.433901906013,0.759635090828,0.0376779474318,0.474085956812,0.235048040748,0.989339411259,0.00187899498269,0.019433837384,0.00666393525898,0.954358279705,0.738565802574,0.964616417885,0.66534781456,0.00199598981999,0.0
0.978616893291,0.978643119335,0.0106986882165,0.212970927358,0.870143890381,0.340461373329,0.999956250191,0.253841042519,0.024196472019,0.675109565258,0.0530860051513,0.371731638908,0.821602880955,0.831430912018,0.149290204048,0.606703698635,0.743682861328,0.191261395812,0.96915012598,0.935768604279,5.87280907741e-21,1.0,0.461669206619,0.0704814717174,0.872551560402,0.710632562637,0.925801813602,0.995661914349,0.00128012173809,0.476177185774,0.493136376143,0.560941457748,0.793004155159,0.627435624599,1.41872840514e-17,0.880644023418,0.928182184696,0.186663493514,0.999932646751,0.919822752476,0.663280844688,0.546410322189,0.890286028385,0.172214478254,0.564150869846,0.865417718887,0.896741628647,1.0,0.593967080116,0.0655265152454,0.449855864048,0.238141313195,0.0390436425805,0.000687652558554,0.940396130085,0.131598815322,0.0617717765272,0.55753916502,0.17318969965,0.942598700523,0.143565937877,0.987060308456,0.073544703424,0.0157056767493,0.0
0.000790811551269,0.0468610115349,0.885648012161,0.895110070705,0.781281530857,0.961373865604,0.41656690836,0.970848858356,0.231434673071,0.600731134415,0.988704741001,0.107124857605,0.100142933428,0.556657254696,0.40136641264,0.0141325686127,0.790313303471,0.753618240356,0.239502564073,0.0712358504534,0.846050202847,8.28966403787e-06,0.444169163704,0.957260549068,0.105082593858,0.745980083942,0.989128649235,0.366379886866,0.992798030376,0.475862979889,0.462940216064,0.811539828777,0.950445055962,2.14276269617e-06,0.573362648487,0.906336665154,0.979975163937,0.0278260987252,0.000141995609738,0.644984900951,0.155483365059,0.106141529977,0.374564141035,0.842290282249,0.00109387841076,0.327945530415,0.374867916107,3.23264757185e-08,0.940447330475,0.959424495697,0.983439266682,0.966250598431,0.566747069359,1.0,1.50146941321e-12,0.213543310761,0.00234404555522,0.995488941669,0.00804988201708,0.0258690100163,0.344139188528,0.185306400061,0.646093189716,0.111823938787,5.0
0.99684381485,0.504249632359,0.00241387146525,0.00854057911783,0.339592188597,0.85109013319,1.22951835082e-16,0.426195651293,0.724363148212,0.219680339098,0.192425951362,0.201066449285,0.111725904047,0.723847329617,0.0762450322509,0.954919874668,1.46440758825e-11,0.407853394747,0.998515427113,0.519349038601,1.0,1.0,0.979008257389,0.872742593288,0.349061787128,0.00333491549827,0.922654151917,0.932949006557,0.0690027102828,0.000416269846028,0.00252583413385,0.0234530661255,0.0106548229232,1.0,0.527670860291,0.844176471233,0.00505256420001,0.9965031147,0.23812033236,0.991289258003,0.508540928364,0.995977938175,0.997204601765,0.31254735589,0.795416295528,0.286071866751,0.11415117234,0.511876821518,0.0142926387489,2.49005571717e-09,0.0338415503502,0.579087078571,0.801442444324,0.442311823368,1.0,0.865616559982,0.398313313723,0.584463953972,0.545061230659,0.110163807869,0.023353965953,0.0782376602292,0.882695436478,0.0161072872579,4.0
0.995866894722,0.999371349812,0.780568659306,0.356544822454,0.00194348290097,0.396142750978,0.413431018591,0.00012491644884,0.778257071972,0.941738069057,0.006083201617,0.652848482132,0.889905691147,0.505130290985,0.0035771348048,0.300212860107,1.10098666295e-11,0.336352050304,0.578284740448,0.984458148479,0.984801054001,1.0,0.48581418395,0.0451783053577,0.84110468626,0.961508989334,0.18726067245,9.99737749225e-05,0.525770425797,0.696457922459,0.44207161665,0.619831204414,0.937023997307,0.454978913069,5.8502024558e-07,0.766392827034,0.272529035807,0.633726358414,0.555526256561,0.737880527973,0.814511179924,0.00804505590349,0.00269239372574,0.951632916927,0.957045257092,0.98130440712,0.871854662895,0.444689959288,0.000431510969065,0.563835203648,0.986523985863,0.128138482571,0.499908417463,0.999960303307,0.544810771942,0.936440289021,1.02747819142e-07,0.0517878122628,0.975056052208,0.75891405344,0.973448753357,0.03497036919,0.955657422543,0.536998927593,3.0
0.946078538895,0.545756995678,0.222383633256,0.99330830574,0.450229138136,0.00524157611653,9.40441159874e-18,0.926009714603,0.657695770264,0.52358931303,0.0357051491737,0.0998868793249,0.195832699537,0.584813177586,0.000112753288704,0.264772951603,1.23948041164e-07,0.676426887512,0.539671063423,0.00279381871223,9.327383836e-14,1.0,0.56802713871,0.93558627367,0.00145811180118,0.20870475471,0.000921240076423,0.390167951584,0.0184971932322,0.0142969768494,1.72922518686e-05,0.042818903923,0.122191302478,1.0,0.411852151155,0.961336374283,0.379805386066,0.41841506958,0.0202703569084,0.954546689987,0.0850021913648,0.000131328386487,0.982700109482,0.0192041173577,0.942511975765,0.193334043026,0.86443901062,1.0,0.510415196419,0.978211522102,0.0180205889046,0.290579557419,0.99073278904,0.567752301693,0.554841041565,0.972315728664,6.65841687342e-11,0.97689473629,0.895340800285,0.144823402166,0.883976399899,0.6322671175,0.821775734425,0.543964266777,4.0
0.993586719036,0.0178251322359,0.00413265125826,0.305710911751,0.684078276157,0.202997252345,6.96146685186e-07,0.873154819012,0.351676434278,0.998684585094,0.30872759223,0.676419794559,0.351095318794,0.990120768547,0.637006819248,0.732577860355,0.445355325937,0.587394416332,0.18367600441,0.461115658283,1.0,0.999870300293,0.0468186885118,0.964899003506,0.0588161386549,0.718002438545,0.444557607174,0.0698610022664,0.57473808527,0.481792956591,0.000163483709912,0.00157914066222,0.949600040913,1.0,0.999333322048,0.909982979298,0.174533903599,0.0154374176636,0.293637037277,0.873866200447,0.240666776896,0.607382237911,0.14017033577,0.348561882973,0.028054498136,0.261117905378,0.334381639957,0.498122960329,0.0112425414845,3.90607554981e-12,0.737844824791,0.0583313554525,0.862164795399,1.0,0.999980330467,0.998495697975,0.85578751564,0.642094433308,0.419435948133,0.0317073650658,0.0907398313284,0.00975075364113,0.917207360268,0.737414479256,8.0
0.532303035259,0.879317879677,0.380127847195,0.0737337842584,0.0978402867913,0.00426522828639,2.96200154784e-22,0.882934391499,0.00842527393252,0.97165030241,0.0197446756065,0.0543881952763,0.435965061188,0.994230508804,0.399636209011,0.101066164672,5.44359920696e-07,0.988423526287,0.99950325489,0.134900048375,5.07453190579e-09,3.01569280658e-09,0.169480070472,0.419344991446,0.367999434471,0.906837522984,0.0011989279883,0.0238992832601,0.396581053734,0.873927116394,1.03756225833e-09,0.054939225316,0.965774595737,0.959475040436,0.996283590794,0.943883061409,0.797736525536,0.536643147469,0.394652545452,0.526694834232,0.965521395206,0.0652177631855,0.672228753567,0.155569478869,0.874831795692,0.950859367847,0.422746628523,0.550298035145,0.999367892742,0.930109143257,0.540656149387,0.615379810333,0.70063996315,0.999616503716,0.996622800827,0.970232486725,0.778862595558,0.10212739557,0.959505140781,0.0476023964584,0.916282773018,0.936400830746,0.186055973172,0.974130988121,9.0
0.65144187212,0.999631762505,0.942037343979,0.0715854018927,0.245243445039,4.38230890722e-05,0.495025426149,0.57667773962,0.0301036089659,0.907740235329,0.410626977682,0.84794986248,0.377044081688,0.94074857235,0.759781360626,0.911927759647,4.4767259344e-11,0.797399818897,0.999312520027,0.462433993816,0.105011254549,0.484452545643,0.482800811529,0.0838863924146,0.402058333158,0.788520097733,0.815983057022,0.0134232779965,0.994286596775,6.4092724017e-08,1.22692555771e-34,0.990962803364,0.820581793785,8.70021818489e-17,0.387408256531,0.966229915619,0.432730734348,0.999651908875,0.428056865931,0.0834495648742,0.880163550377,0.994970500469,0.956714570522,0.251213282347,0.514692544937,0.738566577435,0.160322993994,0.414640963078,0.00312284100801,0.989529550076,0.678311049938,0.203752666712,0.419979274273,1.65806134801e-31,1.0,0.153392240405,6.84745717664e-23,0.0161913000047,0.990128576756,0.5926040411,0.845442891121,0.00651724543422,1.93328687601e-05,0.986651420593,3.0
0.0202281847596,0.175723165274,0.963235735893,0.466429114342,0.558513700962,0.0375438965857,5.01575392331e-10,3.01803047478e-05,0.999066650867,0.954327106476,0.043210722506,0.998465657234,0.318739056587,0.430412203074,0.468600988388,0.986177027225,0.925399959087,0.254837602377,0.353841036558,0.014252406545,0.530950248241,0.995709776878,0.996127665043,0.773825645447,0.138437569141,0.309614270926,0.0133681409061,1.06039915408e-05,0.819359064102,2.19532509504e-07,1.38524939075e-07,0.814711213112,0.309893161058,2.34343442429e-08,0.901469767094,0.773998260498,0.609442174435,0.448200285435,0.00239376956597,0.091816984117,0.958422601223,0.0770839005709,0.013163450174,0.997627437115,0.808158278465,0.856171190739,0.624245047569,5.46730692054e-18,0.0799417868257,0.94154548645,0.998380541801,0.390476286411,0.086847923696,0.484755367041,0.53947019577,0.433978140354,0.469733297825,0.579627752304,0.803200602531,0.182247847319,0.910389244556,0.0242894664407,0.696382582188,0.157710701227,3.0
0.00602995185181,0.0445960536599,0.0873039066792,0.532202720642,0.613471031189,0.330210268497,0.419396132231,0.679127693176,0.0227245911956,0.0102348411456,0.606447517872,0.0675693154335,0.00745976436883,0.995173990726,0.0087125627324,0.00816430337727,1.56433947827e-12,0.122472703457,1.0,0.37748914957,1.0,0.416102647781,0.87185639143,0.0436710938811,0.0189973376691,0.18769519031,0.00388091173954,0.00476890895516,0.999138951302,2.42245611002e-28,0.444514155388,0.909778177738,0.884739875793,0.594084978104,8.22260749073e-12,0.969469606876,0.999648094177,0.981322407722,0.0193171314895,0.822158634663,0.949546515942,0.0588412210345,0.450584352016,0.127592936158,0.825829029083,0.948206245899,0.961491882801,0.627742469311,0.0304388348013,0.898597896099,0.0331474170089,0.546148777008,0.378082811832,0.4045791924,0.999999880791,0.0408439338207,0.488757967949,0.965726315975,0.953756093979,0.929263472557,0.780264794827,0.000490715669002,0.357555478811,0.975819408894,8.0
0.947966516018,0.840855240822,0.811732232571,0.00418409518898,0.680631399155,0.949549913406,0.00033454829827,0.987410962582,0.184714615345,0.859364807606,0.109247684479,0.576039254665,0.340004205704,0.622249305248,0.998440444469,0.0368875451386,3.6540215298e-14,0.985190331936,1.0,0.0453431941569,0.982481777668,0.967028856277,0.582573235035,0.908695280552,0.786083221436,0.684100449085,0.427507281303,0.402594923973,0.894220590591,0.906853914261,1.0,0.48900154233,0.973665118217,0.606156826019,0.988190770149,0.977934420109,0.738292634487,0.0253405682743,0.00360137294047,0.0302741173655,0.154977485538,0.948638379574,0.0323322638869,0.0107295131311,0.000537489191629,0.979821562767,0.880774319172,7.67441499239e-10,0.0200020298362,0.364547938108,0.987562298775,0.928054153919,0.0415709204972,1.0,2.20905658352e-05,0.897826373577,0.984792947769,0.290961325169,0.895462036133,0.0214196126908,0.0762310698628,0.0228005815297,0.634954512119,0.516125559807,7.0
0.996536612511,0.830493927002,0.29417553544,0.362471848726,0.0155458087102,0.229712694883,1.31159847473e-25,1.04693427261e-07,0.11487416923,0.869254291058,0.314553618431,0.176976174116,0.894289791584,0.964527785778,0.00814523175359,0.425098657608,0.738047599792,0.652263581753,0.050580214709,0.614653587341,0.999999880791,0.388607442379,0.548259079456,0.387557148933,0.927841842175,0.970133781433,0.717280387878,2.97824431073e-06,0.898463606834,0.534294903278,0.483084350824,0.0338954553008,0.163254827261,0.668805539608,0.993534445763,0.57952696085,0.33033233881,0.942745745182,1.0,0.930854678154,0.996523678303,0.236027225852,0.845456898212,0.999863862991,0.923873841763,0.807837486267,0.00717799691483,1.0,0.00285885063931,0.898604929447,0.137029379606,0.0503050424159,0.580339252949,1.0,0.508756101131,0.959465622902,0.302106052637,0.670079350471,0.871777713299,0.960664093494,0.190134167671,0.00477042514831,0.973400950432,0.00642578583211,5.0
0.256694674492,0.0079355314374,0.0213318634778,0.811940014362,0.891754150391,0.0250901840627,3.43968194329e-21,8.6181489678e-06,0.462874919176,0.924579262733,0.661262989044,0.166021406651,0.00765508739278,0.918754220009,0.141100794077,0.618346810341,0.430699199438,0.530756533146,0.34733325243,0.798862397671,1.0,0.981400728226,0.0529455877841,0.985339641571,0.67859095335,0.619973897934,0.042646035552,7.6143305705e-06,0.041237231344,0.351682186127,4.31149492215e-05,0.227358147502,0.85562556982,1.0,0.9784476161,0.722658634186,0.620111167431,0.168992698193,0.999999165535,0.922948539257,0.146440446377,0.0398817621171,0.0539356432855,0.998422861099,0.919142186642,0.190712973475,0.496983528137,1.0,0.936614096165,0.389934301376,0.632137060165,0.114974200726,0.982345402241,0.447135269642,0.998277187347,0.965749442577,0.634290456772,0.413584887981,0.212356224656,0.587053656578,0.943942010403,0.499760210514,0.618102908134,0.90361648798,9.0
0.09164249897,0.0400340333581,0.55793684721,0.694179594517,0.430426299572,0.913071990013,6.00354705185e-12,0.921357393265,0.511859357357,0.433766692877,0.353477269411,0.981959939003,0.609030485153,0.0113623142242,0.0062456112355,0.918370962143,0.9899700284,0.433255940676,0.292028158903,0.00129881873727,0.999991416931,1.0,0.995009541512,0.957153260708,0.000675860908814,0.36250641942,0.014139380306,0.0572831220925,0.244748100638,7.13809983344e-11,0.535129010677,0.150415763259,0.0134638724849,0.00704618450254,2.85813706036e-09,0.953535556793,0.29349398613,0.926346719265,0.424430698156,0.204366520047,0.928444564342,0.0172378905118,0.995809435844,0.217271327972,0.999517560005,0.517863810062,0.763351678848,1.0,0.0704568326473,0.870298326015,0.000942318758462,0.00627290084958,0.410867899656,5.26206076756e-06,1.0,0.0523279830813,5.22948812431e-06,0.601302742958,0.716163992882,0.926586925983,0.617541790009,0.174235269427,0.989985704422,0.867217540741,2.0
0.961150050163,0.888641119003,0.088216803968,0.011196651496,0.995579779148,0.732486844063,1.0,0.0289232190698,0.873748898506,0.990240573883,0.0212075263262,0.561579287052,0.775816142559,0.926833212376,0.108413226902,0.665193200111,0.804202020168,0.90661907196,0.19411033392,0.9096570611,1.47625317207e-15,1.0,0.546476960182,0.0134635875002,0.828497052193,0.0149607537314,0.992428123951,0.0668623149395,0.0729380249977,0.467950969934,4.50395554186e-10,0.292154669762,0.00796354748309,0.572489202023,0.585355401039,0.560295641422,0.0356912873685,0.828766822815,1.0,0.728968501091,0.0518388338387,0.964359998703,0.995797038078,0.98229688406,0.300491839647,0.50999635458,0.252040982246,0.542235314846,0.159267693758,0.661438524723,0.653512179852,0.0348075293005,0.733134448528,0.54258787632,0.963279724121,0.994894266129,0.632311344147,0.0309090893716,0.408389419317,0.671659171581,0.283111691475,0.840177297592,0.958171546459,0.00300906528719,5.0
