0.106156550348,1.0,0.38610470295,0.0572652630508,0.00278529897332,7.10276367499e-07,0.527712881565,0.320882111788,5.16686759511e-06,0.650254070759,0.172481819987,0.448870897293,0.490143895149,0.992404282093,0.999939322472,0.574817895889,0.99992609024,1.74830080426e-13,0.0147257847711,0.426679700613,0.926105082035,0.057186499238,0.421348631382,0.000243457674515,0.00150699866936,0.22252959013,0.487391501665,0.0175838898867,0.460246622562,0.019312126562,0.0248242467642,0.444529235363,0.990036249161,0.980125844479,0.0419372655451,4.8964877351e-05,0.932697355747,0.974101901054,0.123110421002,0.000277790648397,0.0119285760447,0.751488626003,0.10936255753,0.381536096334,0.99722725153,0.881333589554,0.880706310272,0.936842143536,0.977155447006,0.592188119888,0.977105379105,0.498976647854,0.673180937767,0.999729573727,0.958415806293,0.904038369656,0.662861227989,0.452612996101,0.020676182583,0.192097693682,0.38849195838,0.743295431137,0.695116758347,0.983336627483,8.0
0.33130890131,0.567486941814,0.751060128212,0.332305192947,0.187541291118,0.553182244301,0.160919129848,0.796253740788,0.657617628574,0.831876933575,0.5749553442,0.46242287755,0.95583820343,1.29665761506e-06,0.999852776527,0.754737734795,4.50695495147e-07,1.0,0.952694237232,0.998774468899,0.519780158997,0.22067065537,0.944175422192,0.837876617908,0.46010068059,0.0130087351426,0.976657390594,0.583804130554,0.893686890602,0.496802985668,0.897845208645,0.598792433739,0.0478669628501,0.274093717337,0.351062804461,3.24294414895e-05,0.784633398056,0.876902401447,0.986010193825,0.0144755207002,0.430353283882,0.516267359257,0.693666875362,0.678851902485,0.0052258563228,0.951914787292,0.768681287766,0.0971387699246,0.910477697849,0.987770557404,0.584943592548,1.08231934064e-05,0.651697933674,0.456175118685,0.593722760677,0.0144320949912,0.171707421541,0.294171631336,0.743109941483,0.109730765224,0.600792467594,0.699295282364,0.902336657047,0.00878443010151,3.0
0.16070599854,0.999995827675,0.0771474167705,0.261215269566,0.0471319593489,0.474004000425,0.811445176601,0.694520890713,0.00180940388236,0.691672980785,0.0916278660297,0.73270958662,1.31251121083e-11,0.999993443489,0.999749243259,0.779498040676,0.999892830849,0.00161062797997,0.190993174911,0.999999880791,0.109618373215,0.0576056651771,0.543286144733,0.0996220111847,0.361487805843,0.798610508442,0.256482005119,0.0108583075926,0.253234267235,0.478217691183,0.0658197179437,0.0583136752248,0.991740703583,0.847958862782,0.184656828642,8.2870794671e-09,0.977349102497,0.960975289345,0.451972991228,0.428935885429,0.561422646046,0.911114871502,0.0558406896889,0.75244063139,0.997314274311,0.987360715866,0.00723314052448,0.918843865395,0.840687215328,0.339129149914,0.558543384075,0.000448386126664,0.60066062212,0.999643325806,0.854094445705,0.970682024956,0.0294445026666,0.484555751085,0.566603899002,0.0238253269345,0.0322003699839,0.323580652475,0.848037600517,0.997523248196,8.0
0.887262403965,1.0,0.0438580513,0.000502838054672,0.812443137169,0.479324281216,0.208555176854,0.00634597754106,0.870332837105,0.4759529531,0.0946030765772,0.377747178078,0.46750575304,1.88570326021e-10,0.551929950714,0.503277182579,5.61767665204e-05,0.582466483116,0.0152853894979,0.999998688698,0.0394369475543,0.468686968088,0.47534891963,0.933132767677,2.47554110544e-09,7.90103001691e-07,0.578139543533,0.666506052017,0.586204588413,0.359403967857,0.996178746223,0.550773262978,0.993525624275,0.996589899063,0.753382921219,0.998842716217,0.0122302789241,0.953511595726,0.617882430553,0.423943608999,0.283739060163,0.674125373363,0.0927457138896,0.0503741055727,0.933381140232,0.275458991528,0.461778998375,0.187156125903,0.933055758476,0.305017322302,2.64836756969e-08,0.436899662018,0.923872113228,0.00191832508426,0.762116909027,0.630619168282,0.999695658684,0.0487673841417,0.235974013805,0.0328367911279,0.228751480579,0.801101446152,0.99391067028,0.985593855381,2.0
0.99640828371,0.535263538361,0.745169758797,0.0773355662823,0.197788581252,0.99725985527,0.550645828247,0.17257834971,0.552062690258,0.179061099887,0.635208725929,0.350697517395,0.50686275959,0.325614571571,0.000264329311904,0.508002460003,0.025056829676,0.00681544467807,0.335397213697,0.976016163826,0.397635817528,0.292763322592,0.00128872599453,5.4057691159e-06,0.00192484213039,0.634832382202,0.864364564419,0.0332266166806,0.915778815746,0.532901883125,0.278393298388,0.000900601502508,0.931095719337,0.327982693911,0.97311258316,0.953960299492,0.999337852001,0.939732849598,0.981197178364,0.999994635582,9.195425082e-05,0.847876966,0.00622328324243,0.468450397253,0.68780630827,0.198677569628,0.413105517626,0.0200849045068,0.000127558814711,5.55681435799e-05,0.000692366156727,0.0407884120941,0.48162561655,0.999653220177,0.938293874264,0.956986963749,0.413558036089,0.914923012257,0.999997138977,0.988296210766,0.00880770757794,0.928751885891,0.989568054676,0.800707399845,9.0
0.455397754908,0.468851685524,0.990041553974,0.0471504367888,0.97726392746,1.77077242824e-06,0.400929510593,0.25935792923,0.870856761932,0.801603794098,0.716209411621,0.991720199585,0.553616464138,8.04493993201e-07,0.999815762043,0.508058905602,0.988523304462,0.999648094177,0.539670646191,0.748404860497,0.000172285479493,0.828485846519,1.0,0.969888687134,0.0166889205575,0.804489910603,0.975763916969,0.098950073123,0.871221840382,5.54871837366e-09,0.189046278596,0.0476575121284,0.194863647223,0.382421553135,0.0852143466473,0.724848389626,0.00222754268907,0.953238666058,0.983950853348,0.997579872608,0.997512221336,0.490301638842,0.930850803852,0.0126942358911,0.10121204704,0.0121763860807,0.888530433178,0.0238173473626,0.0287758223712,0.61426961422,0.0410915911198,0.000213125982555,0.414058119059,0.00240219477564,0.132847890258,0.305067002773,0.446641653776,0.0404887646437,0.0809236764908,0.312525719404,0.743328094482,0.850698113441,0.569366514683,0.793317377567,0.0
0.208220779896,0.541015565395,0.00478055328131,0.975871503353,0.999987363815,0.67779904604,1.0,0.235357552767,0.531355679035,0.232966676354,0.16336286068,0.98829472065,0.124153986573,0.996460735798,0.777376651764,0.433296531439,6.92407695624e-07,0.155560076237,0.876227319241,0.49147683382,0.159531533718,0.0199405346066,0.607611715794,0.995919048786,0.000683702994138,0.955349445343,0.751785337925,0.734232008457,4.41960673925e-06,0.99159348011,0.0791262760758,3.2521547837e-06,0.991811752319,0.702272713184,0.00728814583272,3.19135483551e-06,0.0118297431618,0.346390962601,0.956399083138,4.54080554846e-06,0.125050887465,0.909848570824,0.0677236840129,0.0707579106092,0.759345829487,0.937780320644,0.00644298177212,0.64892667532,0.814288794994,0.967433691025,0.221087887883,0.000145118843648,0.849543809891,0.963270008564,0.989916741848,0.650194644928,0.807431995869,0.0168853867799,0.485459089279,0.938978850842,0.00147558609024,0.45043772459,0.210058391094,0.640108346939,7.0
0.380756616592,0.00104147323873,0.704368412495,0.877826571465,0.237018018961,0.999609649181,0.371095180511,0.58643335104,0.381351739168,0.739259302616,0.827803432941,0.998865485191,0.00205698399805,0.534137308598,0.999925732613,1.0,0.531619369984,1.01487247425e-11,0.981006264687,0.00454904930666,0.00977058056742,0.166732728481,4.89419071528e-05,0.704298257828,0.752471148968,0.9963991642,0.897407472134,0.00291495281272,0.225673034787,0.456162720919,0.0450770892203,0.0912432745099,0.445802241564,0.0214509703219,0.0423238873482,0.00109923526179,0.756338596344,0.210173293948,0.539064347744,6.95761555107e-05,0.943540930748,0.761141777039,0.113103248179,0.861371099949,0.531681716442,0.963546097279,0.0153025230393,0.858968138695,0.718061208725,0.785143554211,0.0055795442313,0.983462870121,0.692608296871,0.502795219421,0.000520738132764,0.928410470486,0.0247648917139,0.866273581982,0.462244600058,0.853546321392,0.954164862633,0.0529241934419,0.649746417999,0.50825047493,0.0
0.504291057587,0.00236200238578,0.249589130282,0.999652862549,0.999530315399,0.0948837697506,0.999999880791,0.54220533371,0.513775229454,0.969417273998,0.105686828494,0.130528002977,3.19372219337e-07,0.999827504158,0.999981403351,2.2569452085e-08,1.18304033236e-10,0.96570122242,0.780606389046,0.00494679575786,0.888196349144,0.251904577017,0.999997496605,0.958520829678,0.480749905109,0.685230135918,0.0032319962047,0.142395809293,0.845230519772,0.999997973442,0.0632299259305,0.544771134853,0.038705650717,0.906962811947,0.473880380392,0.00518911518157,0.418983340263,0.970852434635,0.00483411969617,0.000226095231483,0.022860551253,0.83418148756,0.364809006453,0.678920328617,0.456584006548,0.998106360435,0.906162202358,0.798091292381,0.979992210865,0.98991560936,0.0410453602672,0.371523350477,0.996230781078,0.904146313667,0.0441876426339,0.602958261967,0.703187823296,0.78749358654,0.999987959862,0.722425878048,0.00257567176595,0.777359306812,3.59262344318e-08,0.000910827307962,1.0
0.507317781448,0.999998450279,0.970285952091,0.200677797198,0.00449887290597,0.60410708189,0.098251722753,0.144729614258,6.78699141332e-09,0.260256409645,0.6364787817,0.95052677393,0.462794721127,0.00229358463548,0.999998688698,0.530417442322,0.0134967844933,9.37383163091e-07,0.0356579683721,0.536360800266,0.134997561574,0.942798793316,2.02634691959e-06,0.322190731764,0.532036840916,0.000143873578054,0.546505153179,0.110109247267,0.462859898806,0.475095272064,0.223902612925,0.355042636395,0.928111732006,0.25875544548,0.788459599018,0.000472117186291,0.97581666708,0.957217276096,0.155889257789,0.999641895294,0.160258218646,0.167958721519,0.420972675085,0.240083649755,0.882226765156,0.887453973293,0.150383189321,0.998584032059,0.984218895435,0.248244747519,0.0357709676027,0.436633944511,0.000115361930511,0.824107944965,0.00188843463548,0.451626598835,0.966960430145,0.716385304928,0.480548530817,0.625499248505,0.946408390999,0.761223375797,0.977922677994,0.850431442261,0.0
0.000857320381328,1.0,0.0262746606022,0.101453311741,0.148433074355,0.975841760635,0.0037981341593,0.938399851322,0.330114156008,0.603173196316,0.112210698426,0.243974715471,0.609719693661,0.0808492451906,0.999991893768,0.888229548931,0.645107090473,0.102775424719,0.674433887005,0.000123699006508,0.997127473354,0.0665002837777,0.911204814911,0.988294959068,0.208414316177,1.91273848031e-05,0.796162903309,0.0161157082766,0.992134213448,2.21658238787e-16,0.558107256889,1.0,0.176698565483,0.999277889729,0.0180698893964,0.473044604063,0.158580750227,0.909551918507,0.969241201878,0.990730941296,0.72718256712,0.499799102545,0.0183606892824,0.374119967222,0.105004943907,0.744414746761,0.86197078228,0.00257974816486,0.233447834849,0.00229653902352,0.552335262299,1.0,0.992160379887,0.513143241405,0.0780434682965,0.599230587482,0.301293969154,0.95347237587,0.0895585343242,0.0125731388107,0.669292211533,0.663557648659,0.80891251564,0.73655372858,9.0
0.418563485146,0.592238426208,0.120489232242,0.372483730316,0.999930500984,0.999989151955,0.156843438745,0.997527778149,0.875815570354,0.375224798918,0.868933916092,0.210042610765,0.545190870762,0.574793994427,3.23405874951e-05,0.999869942665,0.958175837994,0.000622774590738,0.980487167835,7.68892732594e-06,0.544858217239,0.718404591084,0.00407398818061,0.667267918587,0.000418816809542,0.557088375092,0.487945795059,0.00814176909626,0.98880648613,0.0318627916276,0.048360850662,0.543760538101,0.907645642757,0.586412787437,0.734752714634,0.859499692917,0.657010376453,0.979750692844,0.625741124153,0.492450356483,0.0942807719111,0.0765010640025,0.0364509373903,0.585080504417,0.241793781519,0.592593610287,0.861006915569,0.387345641851,0.988905310631,0.00347102829255,0.539957940578,0.999569714069,0.999536395073,0.0325454622507,0.00565158762038,0.353170186281,0.25364819169,0.906146526337,0.842748880386,0.0330899953842,0.844707608223,0.6911008358,0.923968374729,0.648450136185,9.0
0.0437926016748,1.0,0.631535112858,0.583570122719,0.996322989464,0.523455142975,0.00920686032623,0.023002512753,2.70534055744e-05,0.0210865624249,0.0556733123958,0.942668497562,0.429588973522,2.15062988797e-18,4.90976235596e-05,0.49085766077,0.468769520521,0.546233594418,0.308006435633,0.00155752047431,0.999500274658,0.0705628842115,4.90683669341e-05,0.912096977234,6.28872703601e-06,0.046567235142,0.989472448826,0.99345678091,0.0050762812607,0.00137222092599,0.983503818512,1.0,0.552103281021,0.862140774727,0.797216951847,0.370989143848,0.00866605062038,0.0417814701796,0.989682257175,0.956365942955,0.969100415707,0.434181451797,0.450040578842,0.335609287024,0.288733780384,0.000429700943641,0.521604955196,0.00383750256151,0.435557246208,0.000800216686912,0.472469389439,0.455179810524,0.999523043633,0.466144502163,0.472849279642,0.893186151981,0.96547716856,0.939727783203,0.155589073896,0.0754706561565,0.0275173299015,2.91158789878e-06,0.974172592163,0.943228900433,6.0
0.122011572123,0.458978176117,0.00204088096507,0.00424803839996,0.999728024006,0.539190530777,0.999998927116,0.0036434433423,0.999397754669,0.999938964844,0.943915247917,0.325929939747,0.179145172238,1.93451842279e-06,0.0636414736509,0.961912155151,0.999999880791,0.994592487812,0.609199047089,0.000311685231281,0.0131782675162,0.999956607819,0.669103264809,0.982946753502,0.00087713560788,3.03954925585e-06,0.989140987396,0.974920511246,0.893174946308,0.33043128252,0.624887347221,0.24041865766,0.890493869781,0.00280068442225,0.520333409309,0.323417276144,0.00106422544923,0.361503332853,0.902187287807,0.419748157263,0.000288089911919,4.13910165662e-05,0.992030501366,0.236722007394,0.0278542730957,0.709399044514,0.000103584497992,0.457264363766,0.94056892395,0.997390806675,0.552624881268,0.95132124424,0.424458950758,0.791282713413,0.992062747478,0.944025754929,0.999884366989,0.983389914036,0.178982183337,0.153526246548,0.170586526394,0.835448741913,0.274433255196,0.575856387615,1.0
0.985005497932,0.449825674295,0.982333779335,0.0159641392529,0.899326086044,2.99908242596e-06,1.0,0.991937577724,0.97962808609,0.0300020985305,0.000711795524694,0.987891435623,1.0577311943e-10,0.998331010342,0.985359728336,0.0190502535552,0.000444972567493,0.556950867176,0.00863844715059,0.890916824341,0.481174081564,0.156292960048,0.999922513962,0.767839789391,0.466706037521,0.0611479878426,0.686617612839,0.469712466002,0.571711838245,0.382069706917,0.36012300849,0.0201088730246,0.995786964893,0.317427664995,0.54150813818,0.151231378317,0.0316665433347,0.864475727081,0.999784886837,0.461316406727,0.55830770731,0.100473612547,0.184602633119,0.56278860569,0.882513523102,0.000367671746062,0.778563022614,0.575157701969,0.973027229309,0.000222247617785,0.397197067738,0.000812051584944,0.674875676632,0.654794991016,0.983824253082,0.813221395016,0.464958280325,0.00449339393526,0.0895308926702,0.20027717948,0.00378527096473,0.911600708961,0.379947125912,0.688337743282,2.0
0.992999315262,1.02135500128e-05,0.990428566933,0.328412264585,0.803812205791,0.999956846237,0.44687590003,0.812592923641,0.0717913806438,0.225354582071,0.0390390790999,0.913548886776,0.566701471806,0.99995303154,0.378817111254,0.521947383881,0.00115729006939,2.88484770863e-05,0.0368657074869,0.999999642372,0.996758759022,0.393894225359,0.981133818626,0.918318688869,0.61309170723,0.212282717228,0.294755280018,0.00289289397188,0.772686123848,0.999994158745,0.308700799942,0.419252544641,0.166874349117,0.796144485474,0.403438806534,0.882381081581,0.0744178891182,0.0656262487173,0.583208799362,0.999881982803,0.503821253777,0.748749196529,0.236546590924,0.97746026516,0.0166124310344,0.117570921779,0.989286005497,0.209406673908,0.080006994307,0.423903614283,0.299613952637,0.484232187271,0.0058810939081,0.27699843049,0.161426097155,0.893243312836,0.509594380856,0.267757683992,0.998389601707,0.904473483562,0.280423462391,0.987386524677,0.907331883907,4.66632343876e-10,6.0
0.00140286365058,0.878113627434,0.365578532219,0.443157970905,0.884798109531,0.487582266331,0.376298934221,0.92455136776,6.76969325042e-09,0.465355485678,0.632320344448,0.112068369985,0.996515512466,0.496974527836,0.999116837978,8.93449623618e-07,1.0,0.491377383471,0.143940195441,7.06635910319e-05,0.380330115557,0.197809875011,0.517502784729,0.812881112099,1.54103217938e-05,0.487793833017,0.00879240594804,0.972947001457,0.177865996957,0.509257555008,0.172189831734,1.0,0.666789054871,0.770192980766,0.308279365301,0.677283942699,0.0979572758079,0.0736128091812,0.0135553702712,0.99807113409,0.183208197355,0.527982890606,0.225474759936,0.409039080143,0.84986692667,0.468475222588,0.787584483624,0.116092525423,0.980840742588,0.271553337574,0.999677658081,0.538722991943,0.899443924427,0.540307223797,0.295931249857,0.938327372074,0.839569032192,0.559779405594,0.00333251059055,0.0740889161825,0.756569504738,0.0176556333899,0.849087536335,0.395107269287,8.0
0.410874545574,0.999842882156,0.720263957977,0.177253365517,0.267654269934,3.58356987817e-06,0.0450220406055,0.621784985065,0.977262496948,0.901745259762,0.0443648025393,0.0683615878224,0.0833933055401,0.999739229679,0.951724588871,0.506678283215,0.998017668724,0.0233407448977,0.248882487416,0.102783180773,0.987572550774,0.738089561462,0.999998092651,0.830404102802,0.417306572199,0.530939936638,0.704939484596,0.00351892295294,0.99293076992,0.00041635177331,0.12152685225,0.336397707462,0.298200488091,0.997777402401,0.113150343299,0.554308950901,0.00658489158377,0.388232588768,0.286835223436,0.0684005618095,0.134861811996,0.973421096802,0.101815119386,0.587144553661,0.978761196136,0.560817599297,0.999840378761,0.1631205827,0.0800699144602,0.703031122684,0.398767232895,0.999964118004,0.436906129122,0.172075584531,0.861963033676,0.216707125306,0.546316921711,0.369694292545,0.677559971809,0.0414675548673,0.725456893444,0.955895602703,0.000297398510156,0.997751653194,6.0
0.996332883835,0.0560089163482,0.912633359432,0.448498487473,0.031483605504,1.0,0.0860084593296,0.866263329983,0.318234473467,0.629904687405,0.0647980794311,0.692849576473,0.0950163900852,0.602575361729,0.969541192055,0.562916278839,0.461321681738,0.586877703667,0.293487608433,0.999999642372,0.876702904701,0.566772997379,0.00398579519242,0.00391479581594,0.561418950558,0.934221684933,0.72513961792,0.116933770478,0.492995142937,1.0,0.926631212234,0.418859481812,0.917712509632,0.706172764301,0.807378530502,0.991437733173,0.998457670212,0.0997707173228,0.755831420422,0.473901182413,0.0556593053043,0.911745548248,0.0122613795102,0.965501368046,0.790897011757,0.160547882318,0.0605388246477,0.0725341513753,0.00633204728365,0.41621696949,0.31362220645,0.571996510029,0.944792091846,0.555087864399,0.0639864951372,0.981599152088,0.471736967564,0.663147449493,1.0,0.438285768032,0.329732000828,0.346800714731,0.947104394436,0.952616870403,9.0
0.946450352669,0.970903456211,0.952860891819,0.410630941391,0.0508547388017,0.00314557272941,0.986393272877,0.947463512421,0.964127779007,0.831455767155,0.0434912182391,0.159611076117,0.507975876331,1.31801847214e-10,0.207410663366,0.00145934452303,3.69800232103e-11,0.301598757505,0.355776667595,0.00494262669235,0.786784350872,0.926308512688,2.9110198696e-09,0.114322200418,1.47455250499e-06,0.709830522537,0.804182529449,0.922046244144,0.435920804739,0.0383509099483,0.957850217819,0.162050649524,0.898100197315,0.14211589098,0.891981482506,0.991168022156,0.825796186924,0.786848783493,0.97285503149,2.45174887823e-05,0.0656552165747,0.678089916706,0.105002000928,0.437348127365,0.745835125446,0.423796087503,0.263107478619,0.147860839963,0.0102022923529,0.02211410366,0.0184734761715,0.540337383747,0.600647807121,0.575409173965,0.939750313759,0.0612987838686,0.514515459538,0.476684719324,0.999997258186,0.480181962252,0.637990295887,0.265201628208,0.985148668289,0.932948887348,4.0
0.814216434956,8.81371888681e-05,0.999433338642,0.817559540272,0.814225256443,4.97657165397e-05,0.0221690088511,0.643816947937,0.866030275822,0.0219433773309,0.633337080479,0.0805707722902,0.38974916935,0.475670337677,0.981969356537,0.50836366415,0.999977588654,0.999999523163,0.261502355337,0.433503568172,0.0458024218678,0.0108974687755,1.0,0.869916260242,1.0,0.00473592383787,0.925377070904,0.335946440697,0.63941437006,0.943975687027,0.662783801556,0.678021609783,0.0238037612289,0.762428820133,0.713376939297,0.834171414375,0.0630473643541,0.627867460251,0.810183465481,1.0,0.341373801231,0.562423348427,0.997138500214,0.956873297691,0.746555745602,1.23225236166e-05,0.958699941635,0.0224010292441,0.855758070946,0.658298909664,0.999999761581,0.651014864445,0.279358416796,0.00118186103646,0.967027187347,0.92902302742,0.0111505417153,0.949651181698,0.602236509323,0.999994039536,0.602635264397,0.663724601269,9.71496547209e-07,0.143392279744,3.0
0.378031879663,0.000489019963425,0.969742596149,0.057766225189,0.0541487857699,0.999963521957,0.0582119747996,0.585339426994,0.0219444073737,0.62734413147,0.913120627403,0.999905467033,0.999981045723,0.991577863693,0.999981164932,0.0102560482919,0.999999403954,0.000491189712193,0.238865971565,0.522062242031,0.248376280069,0.600087761879,0.0011396316113,0.951632142067,0.00301977898926,0.995774686337,0.971965193748,0.0261402148753,0.308625608683,0.999999880791,0.0359287448227,0.0087767355144,0.639597594738,0.175751239061,0.955133616924,0.801633894444,0.903358995914,0.180432841182,0.463157117367,3.23904969264e-05,0.124269030988,0.960956335068,0.106685139239,0.148841902614,0.741071760654,0.807036936283,0.27903047204,0.123859360814,0.993781387806,0.00415263790637,0.00101574754808,0.00413988903165,0.168469518423,0.0110018029809,0.000157984250109,0.871510565281,0.0476667918265,0.703526377678,0.615617394447,0.152675971389,0.91836053133,0.875994741917,0.977714776993,0.836882174015,0.0
0.66849309206,0.63803255558,0.844185173512,0.0165586732328,0.972406446934,0.558005094528,0.611324548721,0.175586402416,0.873775839806,0.99297273159,0.933219134808,0.0205294080079,0.429399251938,5.41154340577e-14,0.217592343688,0.504425525665,0.999981403351,0.570091784,0.410096526146,0.390883743763,0.47640478611,0.998431622982,0.0353591367602,0.0680778995156,2.09507788895e-09,5.62453078601e-06,0.82451069355,0.883455038071,0.934011638165,0.997081339359,0.979323983192,0.98888105154,0.941143512726,0.0459854193032,0.667003154755,0.953150093555,0.0680773183703,0.573289334774,0.957633256912,0.295466512442,0.0289362054318,0.00225398456678,0.0806347504258,0.70451438427,0.165033429861,0.162341535091,0.68615013361,0.32055196166,0.999405026436,0.968773663044,3.65187406715e-05,0.502368330956,0.929251909256,0.620092272758,0.857620239258,0.935139715672,0.998437583447,0.979939103127,0.955705106258,0.0337214097381,0.00154766289052,0.884451448917,0.0925528109074,0.241994291544,1.0
0.065088480711,1.0,0.350219637156,0.160957187414,0.346069216728,8.87777129588e-10,0.573061466217,0.605946063995,0.784461796284,0.97326117754,0.0203805174679,0.471686780453,0.522100806236,1.64988804841e-08,0.998958826065,1.33352458343e-17,0.000259474210907,1.63361037266e-05,0.248979404569,0.00396611867473,0.915987372398,0.495310485363,1.11988238132e-05,0.939470767975,0.000171563515323,3.05931207549e-05,0.00647401064634,0.985063433647,0.0441318079829,0.400084942579,0.343367874622,0.999825417995,0.995551228523,0.901661813259,0.0285143814981,0.978987812996,0.758505344391,0.867620170116,0.96685987711,0.000137556096888,0.0142691656947,0.938022971153,0.983253419399,0.524992346764,0.33956849575,0.409982025623,0.0872765555978,0.83674967289,0.983742713928,0.525881946087,2.92518097922e-06,0.0619287081063,0.995181024075,0.633316636086,0.153487801552,0.0690014138818,0.390568882227,0.0261284131557,0.368740648031,0.139279231429,0.00126972422004,0.0647159144282,0.120285145938,3.5052502767e-07,1.0
0.500980854034,5.59239721198e-09,0.142778918147,0.581006765366,0.999622225761,0.0228913184255,0.315177828074,0.722777187824,0.908270061016,0.953433036804,0.947193205357,0.428080320358,0.999990820885,0.862709522247,0.123958088458,1.09272512816e-07,0.999999880791,7.77254026616e-05,0.421070724726,0.509120166302,0.584575474262,0.902428090572,0.431745052338,0.809509813786,1.68950027728e-05,0.895829439163,0.609273731709,0.487109273672,0.000652440823615,0.999972581863,0.128092765808,0.127082958817,0.394372880459,0.0359807759523,0.828009426594,0.870027065277,0.413213938475,0.00450550485402,0.4756321311,0.99999499321,0.439908951521,0.99087613821,0.849401473999,0.154915779829,0.773759543896,0.424248814583,0.453501611948,0.110186427832,0.885307967663,0.374085873365,0.513425350189,0.0331699959934,0.899864196777,0.488078713417,0.805968046188,0.896694362164,0.264872163534,0.0271405093372,0.198593810201,0.868960916996,0.342021822929,0.819288909435,0.956735491753,0.40224480629,4.0
0.570354759693,0.51737177372,0.962209522724,0.227075710893,0.601191997528,0.54584980011,0.971359372139,0.755880057812,0.360152542591,0.291229069233,0.93061041832,0.335896551609,2.83619239205e-09,0.834402859211,1.0,1.0,1.0,0.521839082241,0.842825472355,0.999892234802,0.020611487329,0.74274379015,1.0,0.428182959557,0.942677915096,0.884632468224,0.00706505635753,0.0280634108931,0.29093888402,7.03386660916e-07,0.16119530797,0.582656621933,0.887967467308,0.973062932491,0.0773082822561,0.187241345644,0.0182350091636,0.398435115814,0.000248898402788,0.30036342144,0.482824385166,0.00708453124389,0.98968154192,0.117141872644,0.915115177631,0.139754489064,0.985399544239,0.376549512148,0.986131548882,0.509448289871,0.808206439018,0.716192901134,0.976695120335,0.0247808415443,0.206316381693,0.185075104237,0.78905826807,0.974562168121,0.00324920192361,0.562146127224,0.998351216316,2.47962077538e-08,0.831709325314,0.717052042484,5.0
0.0003069153463,0.999999880791,0.99682533741,0.21264642477,0.789615392685,2.1129547062e-18,0.312429219484,0.00464551569894,4.14833230025e-05,0.00174182339106,0.362169981003,0.367878198624,0.148887708783,8.00217531127e-12,0.996577322483,5.65204584524e-11,0.999250948429,1.0,0.977551281452,0.133487299085,0.904441714287,0.318214803934,0.999999523163,0.995483756065,0.0716189667583,0.42202848196,0.113280087709,0.998032271862,0.947950899601,0.440172761679,0.786684751511,0.999936103821,0.150994375348,0.0187709759921,0.0866608545184,0.0825316309929,0.00396138196811,0.981563687325,0.708059668541,0.000584388326388,0.00239779590629,0.37508225441,0.866202414036,0.0192006397992,0.588988304138,0.179531753063,0.999930977821,0.511157035828,0.718587458134,0.856801867485,0.0514491982758,0.00129618949722,0.087776273489,0.0439584441483,0.035269677639,0.0314997024834,0.521159231663,0.279677867889,0.102818623185,0.221627786756,0.358914196491,0.484956890345,0.765056431293,0.833973050117,0.0
0.325072318316,0.595924437046,0.12675639987,0.0140954516828,0.999853372574,0.0660258680582,0.971594750881,0.0101285371929,0.995196044445,0.999348700047,0.976312279701,0.121263429523,0.211445838213,2.47965222574e-13,0.000136623930302,0.578921496868,0.999997735023,0.842607438564,0.976840853691,0.0239008702338,0.264679729939,0.999920010567,0.509508013725,0.409009665251,3.69969441749e-08,0.000345936685335,0.914238512516,0.893429815769,0.952845752239,0.422896802425,0.942974627018,0.34567424655,0.910568058491,0.00641865376383,0.558427214622,0.741785347462,0.0718013569713,0.843575716019,0.855449438095,0.485408812761,0.0835680291057,0.000804801122285,0.832114696503,0.195000723004,0.140125468373,0.534667849541,0.171965092421,0.5226957798,0.998679816723,0.99055325985,7.11568136467e-05,0.560796618462,0.996419668198,0.820389866829,0.740125417709,0.981664836407,0.998107910156,0.993099033833,0.615754842758,0.0663515031338,0.00342658208683,0.830392599106,0.277439802885,0.480964839458,1.0
0.0106717450544,0.999999880791,0.946306109428,0.340623438358,0.0463043563068,0.545381188393,0.219827502966,0.378746300936,0.238946154714,0.000261254346697,0.791914045811,0.756494581699,0.739381253719,0.526847183704,0.9753947258,0.436570584774,0.539949178696,0.000187786310562,0.830548524857,3.30602177578e-11,0.513564586639,0.370400428772,0.00191046041436,0.990563511848,0.000423230027081,0.682039022446,0.783218443394,0.0171066317707,0.989156603813,0.410583764315,0.0670702308416,0.462597101927,0.478598415852,0.82000631094,0.0257402546704,0.628561198711,0.524761199951,0.994784772396,0.969778001308,3.0415776564e-09,0.00645436160266,0.985642135143,0.00680448813364,0.0159608367831,0.473407030106,0.533173084259,0.933132052422,0.601491212845,0.995363473892,0.362882882357,0.00118438934442,0.919478595257,0.039566911757,0.224299892783,0.958032011986,0.0147984428331,0.520998597145,0.997538328171,0.83116954565,0.113820903003,0.362322181463,0.860577762127,0.426135390997,0.679217100143,6.0
0.266627848148,0.499910622835,0.00409451220185,0.00422006240115,0.999455988407,4.14040405303e-05,0.159352526069,0.813167154789,0.962826669216,0.0118778934702,0.543932259083,0.260104596615,2.59546482084e-08,0.514848053455,0.969782948494,0.437620311975,0.998347520828,0.127625361085,0.842311143875,0.475685209036,0.287175774574,0.597862124443,0.0072784582153,0.999063313007,0.480611085892,0.185249075294,0.373627275229,0.00884965062141,0.900946974754,0.4393042624,0.0973148047924,0.999998927116,0.935975670815,0.78039586544,0.988217651844,0.977160573006,0.0267582144588,0.996441781521,0.210311159492,0.464813798666,0.0697806924582,0.990807712078,0.944843292236,0.726642608643,0.192192137241,0.781501114368,0.945659816265,0.016027117148,0.989016115665,3.19062601193e-05,0.999999523163,0.920272648335,0.97506737709,0.0183603167534,0.835118293762,0.938904106617,0.0129909198731,0.957904577255,0.382812649012,0.390506505966,0.994869112968,0.814607024193,0.996453523636,0.00186705845408,9.0
0.305213660002,0.313503623009,0.291243880987,0.0465081818402,0.106405250728,0.476804375648,0.97749787569,0.0237087067217,0.844112098217,0.984688222408,0.890657246113,0.909542739391,0.628410160542,0.54579937458,0.999997019768,0.565241515636,0.999999761581,0.030826356262,0.137806221843,0.429698169231,0.194537475705,0.998477518559,0.999425411224,0.721964418888,0.572301745415,0.000312918797135,0.862467288971,0.761916399002,0.290526509285,0.997030258179,0.220631703734,0.842063486576,0.0465731807053,0.0131364390254,0.632494986057,0.63144659996,0.37281358242,0.0239810626954,0.7795342803,0.527641534805,0.725089251995,0.00121153425425,0.944934010506,0.0110264588147,0.483933389187,0.13950920105,0.0863048359752,0.941958010197,0.806499302387,0.968028306961,0.683130860329,0.112851269543,0.934524297714,0.0610841289163,0.162094131112,0.840646862984,0.999650359154,0.404717296362,0.00290227052756,0.0111562851816,0.84972256422,0.35827678442,0.430010676384,0.957191944122,1.0
0.900021970272,1.04104346974e-05,0.918088436127,0.519514560699,0.103225491941,0.999650239944,0.9442679286,0.639146924019,0.946332991123,0.996610820293,0.716417133808,0.614885926247,0.976707518101,0.999998927116,0.999997615814,0.540144562721,0.999927043915,0.537301599979,0.134587273002,0.53734511137,0.35070335865,0.984248220921,0.999939084053,0.354162573814,0.492236971855,0.161834701896,0.910808205605,0.28542637825,0.564781963825,1.0,0.0367378816009,0.112461976707,0.0240633040667,0.0459455773234,0.580000042915,0.711872577667,0.788397610188,0.0313538499177,0.502869606018,0.556743085384,0.670157492161,0.00529176741838,0.63573205471,0.0938929766417,0.602107286453,0.155434370041,0.537453234196,0.914207816124,0.935349047184,0.963467597961,0.778943359852,0.001301691751,0.928571045399,0.0285803284496,0.521436810493,0.892256438732,0.994697809219,0.835495352745,0.128982022405,0.00591481942683,0.22163541615,0.922222912312,0.529780328274,0.963732361794,1.0
0.984509170055,4.93075944519e-08,0.992707550526,0.739989042282,0.731279850006,0.92140609026,0.999992728233,0.864880561829,0.266037940979,0.116699062288,0.680330216885,0.889337539673,0.987176954746,0.997078537941,0.473576903343,0.482435971498,9.40958307183e-06,0.543730676174,0.117494381964,1.0,0.715824842453,0.898914754391,0.181202858686,0.755639314651,0.0162626095116,0.496574729681,0.536808371544,0.425427407026,0.00501090008765,0.999976396561,0.530460774899,0.00113139953464,0.103156171739,0.125946059823,0.965985894203,0.254379481077,0.0512469522655,0.160733774304,0.265174537897,0.00213692267425,0.0555731207132,0.767774701118,0.149253129959,0.194488808513,0.0454004406929,0.363763511181,0.999192178249,0.634190678596,0.688428044319,0.168936178088,0.339454293251,2.23477325534e-08,0.00191113341134,0.270536720753,0.562439858913,0.0277021285146,0.731359958649,0.484931349754,0.556585133076,0.644721567631,0.3558190763,0.931803643703,0.978228867054,0.00197264179587,6.0
0.00322864274494,0.973885416985,0.818085432053,0.0449307262897,0.403284966946,0.0821562856436,0.579189538956,0.847484886646,0.139157220721,0.000785879732575,0.552322387695,0.441817551851,0.000224288451136,6.02480021428e-09,0.210999384522,0.999999880791,0.999929070473,0.562000334263,0.93235629797,0.994749009609,0.941842973232,0.859364390373,0.999662995338,0.999370157719,0.999517917633,0.125292181969,0.00466535519809,0.0850047022104,0.544638454914,1.38255597903e-06,0.928985178471,1.0,0.0202787779272,0.721239864826,0.0413407422602,0.933143675327,0.0553830787539,0.0194582529366,0.478806465864,5.47750111934e-08,0.543770968914,0.123731829226,0.933229506016,0.528634190559,0.0184750054032,0.0274258833379,0.300619930029,0.0188515055925,0.518392503262,0.903607606888,0.332598626614,0.999969244003,0.00013332576782,0.0956705063581,0.0116248773411,0.361157536507,0.196089193225,0.83701980114,0.0739487186074,0.572870254517,0.994134128094,1.80795307614e-08,0.675238847733,6.02718179185e-12,3.0
0.0202236864716,1.0,0.982892930508,0.388657659292,0.703286468983,1.0560107476e-12,0.442189902067,0.109848216176,0.760783672333,0.000246609939495,0.744317471981,0.519553422928,0.376325756311,1.02872511433e-15,0.00913432985544,0.000161785355886,0.436709135771,0.000421695265686,0.437628149986,2.75505186664e-07,0.0480742566288,0.844133615494,0.00202059792355,0.999563395977,0.46768695116,0.242498636246,0.923734426498,0.153829649091,0.766319334507,8.54879908729e-05,0.54269361496,0.616424679756,0.686552762985,0.207372590899,0.92674523592,0.831039130688,0.019034197554,0.989806234837,0.997258901596,2.10803730027e-09,0.333870440722,0.988279938698,0.897508025169,0.0749599710107,0.854615986347,0.00250097783282,0.857165038586,0.402116626501,0.857819020748,0.963208377361,0.140230074525,0.52372610569,0.279741376638,0.0111151142046,0.991885304451,0.0467774346471,0.460775017738,0.827279686928,0.414464771748,0.982934296131,0.561714231968,0.22742266953,2.64094779823e-07,0.737290859222,6.0
0.678834617138,6.73820659358e-06,0.837860703468,0.358313679695,0.784071028233,0.484962970018,0.727951824665,0.222630396485,1.67866601259e-05,0.513660252094,0.840212702751,0.67952466011,0.0293926317245,0.999996542931,0.692798495293,0.591324150562,0.938226699829,0.999550282955,0.568947136402,0.999949455261,0.412461936474,0.952405869961,0.995816171169,0.385584235191,0.0851854756474,0.526084899902,0.401763647795,0.289859324694,0.62737005949,0.832248270512,0.235675409436,0.664332985878,0.0425340719521,0.385506212711,0.906716048717,0.0835679471493,0.774171292782,0.68222618103,4.87864090246e-05,0.0200853347778,0.0105970576406,0.962356567383,0.97115534544,0.0845623612404,0.126253217459,0.927794873714,0.996210932732,0.193717449903,0.993351280689,0.376015424728,0.999986171722,7.35551623166e-07,2.56490966422e-06,0.938922762871,0.166374340653,0.0572703294456,0.0505977720022,0.99677580595,0.0744414776564,0.63739746809,0.764635503292,0.405364960432,0.978892326355,4.52890304814e-07,5.0
0.822556316853,0.343752563,0.977072358131,0.533333599567,0.224087923765,1.08458232087e-13,0.0585413202643,0.00432637846097,0.975183665752,0.999837636948,0.602598786354,0.00426545273513,0.571421802044,0.0448181852698,0.999884366989,3.47889681507e-08,0.50616890192,0.978305280209,0.206690102816,0.415983736515,0.995946586132,0.78694242239,0.455325633287,0.343681544065,0.00146386038978,0.249640747905,0.401818215847,0.913320720196,0.0258306171745,0.24731272459,0.142213463783,0.403702318668,0.0278164912015,0.837726175785,0.819104194641,0.102638423443,0.727099597454,0.477324724197,0.004272417631,1.0,0.198282018304,0.60879355669,0.999992251396,0.0180283356458,0.994819104671,0.918863713741,0.994368731976,0.112947635353,0.706570327282,0.388845026493,0.999998211861,1.18645075986e-07,0.761582255363,0.988997101784,0.980551838875,0.771565914154,0.0429781638086,0.937788903713,0.345979094505,0.999112546444,0.0184614136815,0.730918347836,0.955317735672,0.956442296505,8.0
0.869802176952,0.00357603048906,0.63420176506,0.0477208122611,0.108719266951,0.832222819328,0.656672000885,0.00932130031288,0.820589363575,0.977067828178,0.424766242504,0.983511805534,0.99142575264,0.727410793304,0.999999642372,0.516647338867,0.999999523163,0.852962374687,0.0522168166935,0.505331397057,0.352779179811,0.998391091824,0.999990105629,0.439108610153,0.993460536003,0.123498938978,0.524135410786,0.722360014915,0.456501036882,1.0,0.464223086834,0.476214110851,0.139424875379,0.0105209862813,0.531312167645,0.815416812897,0.862432479858,0.00820259097964,0.337519824505,0.541583240032,0.481272369623,0.0106427865103,0.997473418713,0.0792482569814,0.981039047241,0.00808901153505,0.248006924987,0.882754087448,0.816747605801,0.990797996521,0.501964151859,0.00626809056848,0.992481350899,0.0168727897108,0.111146911979,0.982037782669,0.998355209827,0.318292468786,0.00283390656114,0.0137336496264,0.802120268345,0.306055307388,0.378764569759,0.999049127102,1.0
0.0213420391083,0.998586058617,0.0152696585283,0.926908195019,0.0903126373887,0.491396963596,0.525937318802,0.162273749709,2.27575492318e-05,0.948014616966,0.480061262846,0.782050609589,1.3621832295e-05,0.487137317657,1.0,2.87783166186e-08,0.613859832287,0.997634887695,0.371656805277,4.86267672386e-05,0.342594504356,0.646993935108,0.520187914371,0.00502431020141,0.517121553421,0.944763839245,0.0953294187784,0.993124783039,0.193023517728,0.486881494522,0.417063891888,0.00203551421873,0.996626377106,0.203509271145,0.0173878502101,4.60425342297e-09,0.999537467957,0.985589921474,0.00089191069128,0.426341831684,0.0104018375278,0.367813497782,0.747090935707,0.390802413225,0.989949941635,0.99918538332,0.0781971812248,0.99134093523,0.994655966759,0.682232916355,0.590011537075,0.416002511978,0.995231091976,0.999235272408,0.0330170281231,0.877473592758,0.445769399405,0.131871327758,0.0420110784471,0.350559145212,0.0901129692793,1.24127627714e-05,0.677825689316,0.999671459198,3.0
0.922665417194,0.0178600605577,0.992636680603,0.178498283029,0.710404098034,0.497205704451,0.0852040946484,0.000464347540401,0.373144567013,0.478692084551,0.671255350113,0.964495062828,0.521584153175,0.55595678091,0.999952197075,0.876664757729,0.999998569489,0.637452661991,0.133753791451,0.999998092651,0.00133526092395,0.330458790064,1.0,0.895540356636,0.722705543041,0.984651565552,0.983273923397,0.0125011317432,0.468384176493,0.999999403954,0.0488352887332,0.596663653851,0.0177526790649,0.974365055561,0.199568480253,0.787735342979,0.0372263714671,0.766268134117,0.33290091157,0.00169658230152,0.989767611027,0.986628770828,0.986281573772,0.0136733772233,0.188964679837,0.00550121767446,0.769223690033,0.0308967679739,0.188183888793,0.778707385063,0.229649811983,0.0287952814251,0.627734065056,0.00630296999589,0.973351061344,0.94625711441,0.682097733021,0.911345779896,0.541402280331,0.27752456069,0.673362314701,0.388721376657,0.700127124786,0.662572801113,5.0
0.998402774334,0.00128696474712,0.961739897728,0.838740706444,0.780220329762,1.0,0.24994854629,0.605886816978,0.118736065924,0.381473839283,0.0698793008924,0.809420228004,0.975988566875,0.501589298248,0.991081833839,0.514385163784,1.03641013993e-07,1.0,0.0806233137846,0.546876728535,0.20995542407,0.0745053738356,0.514181613922,0.344852924347,0.485448747873,0.832073152065,0.665141820908,0.958192110062,0.810597479343,1.0,0.983714997768,0.0274152476341,0.910766065121,0.81337749958,0.325250834227,0.887837827206,0.615251123905,0.374812424183,0.24995803833,0.489587157965,0.31217160821,0.0492680817842,0.0525861866772,0.995702683926,0.346822828054,0.30116635561,0.605071485043,0.206729084253,0.965667724609,0.62245029211,0.271355807781,0.0471781119704,0.671737253666,0.00858381390572,0.483381599188,0.883835315704,0.780338525772,0.320568084717,1.0,0.442636221647,0.0790297687054,0.499012112617,0.699368000031,0.406204223633,2.0
0.0535962842405,0.979373335838,0.654875516891,0.562251985073,0.860254704952,9.07871555711e-11,0.989650011063,0.974249780178,0.885117590427,0.827881217003,0.0203702989966,0.454397469759,6.70934108271e-09,0.631226360798,9.63084949035e-06,3.13993687821e-12,0.476025938988,9.39031888265e-05,0.29632383585,0.00390697363764,0.651458859444,0.295237898827,2.83998815576e-05,0.3764282763,0.53814047575,0.625575780869,0.506458282471,0.472630381584,0.000711538479663,0.47404062748,0.00499133905396,0.999820768833,0.561845242977,0.606143534184,0.593267321587,0.789231061935,0.902905881405,0.963431954384,0.945490062237,0.880476593971,0.209444224834,0.893802940845,0.668753087521,0.490775167942,0.938982129097,0.205384463072,0.269780546427,0.993816375732,0.891262948513,0.0945053175092,0.996524035931,0.547739088535,0.989356696606,0.850038230419,0.181427195668,0.531374335289,0.0499587506056,0.24221073091,0.531698226929,0.0362957157195,0.612183213234,0.276545554399,0.86598110199,0.738556683064,4.0
0.654391050339,0.780571460724,0.849502682686,0.157221838832,0.564582109451,0.985905230045,0.00617751991376,0.649831175804,0.395068436861,0.638744771481,0.168513938785,0.0701384544373,0.36175724864,0.451391249895,0.939070224762,0.50454634428,0.999896287918,0.539466202259,0.00709285121411,1.0,0.952088415623,0.0244724415243,0.44380825758,0.722456455231,0.517189025879,0.60277557373,0.990867972374,0.342089951038,0.000559405365493,1.0,0.833039045334,0.999996423721,0.591421186924,0.992650687695,0.38803589344,0.767264723778,0.015066661872,0.00257833255455,0.968088746071,0.538055479527,0.920533895493,0.9901689291,0.0421442836523,0.978615939617,0.0796890854836,0.273407787085,0.291451364756,0.193050131202,0.399553656578,0.567820131779,0.947645783424,0.527989983559,0.383040189743,0.110741555691,0.925554454327,0.965135097504,0.979786634445,0.0251262374222,0.999755322933,0.338792830706,0.333640486002,0.884230852127,0.926371276379,0.486699581146,6.0
0.000922374834772,0.999916315079,0.810768425465,0.997136354446,0.00258645461872,0.0221836846322,0.577400147915,0.997157454491,0.0537816733122,0.141271591187,0.046685885638,0.133395880461,1.0,0.575586259365,0.999999523163,1.43111644757e-09,8.94109291494e-07,1.0,0.998887598515,7.8037696002e-16,0.660575568676,0.000432213302702,0.523339211941,0.232393145561,2.2709960831e-05,0.199794277549,0.180154383183,0.999861598015,0.94070571661,0.442531466484,0.948190808296,0.584965825081,0.220664337277,0.00589599087834,0.0103578343987,0.774793744087,0.991347968578,0.980205893517,0.557042896748,0.999999284744,0.0952650159597,0.437059640884,0.0700242891908,0.240308821201,0.919368505478,0.339665740728,0.698037087917,0.939572870731,0.635011672974,0.823240876198,0.545889377594,0.302182227373,0.983626961708,0.0706688091159,0.231575876474,0.000373098533601,0.169746562839,0.529959619045,0.017723493278,0.0646524503827,0.972732305527,0.401431232691,0.791101098061,0.992567300797,4.0
0.271057099104,0.0252464395016,0.201817169785,0.503784179688,0.312506854534,1.0,0.705485105515,0.632058560848,0.414763718843,0.812754631042,0.148562803864,0.943961143494,0.9990041852,0.494253754616,0.554319083691,0.561240017414,0.967435956001,1.0,0.309861898422,0.999544918537,0.997752964497,0.491980969906,1.0,0.848682403564,0.4647128582,0.999408125877,0.951561450958,0.847880542278,0.726901113987,0.999997615814,0.985131561756,0.00681196572259,0.293280720711,0.883307874203,0.076264962554,0.909250736237,0.73028331995,0.00121554476209,0.729844510555,2.6037509997e-06,0.98456209898,0.639282047749,0.145757824183,0.216964587569,0.747212350368,0.47719168663,0.001773842494,0.00612752093002,0.00087971688481,0.393564552069,0.335276573896,0.793500125408,0.494072675705,0.684187173843,0.677765965462,0.0767892897129,0.581273376942,0.00401508063078,0.94220751524,0.636443018913,0.208538770676,0.029111161828,0.00193390191998,0.977234244347,7.0
0.987774193287,4.93342668051e-07,0.955589950085,0.99504929781,0.658236265182,0.999830842018,0.108043886721,0.707731127739,0.00598312588409,0.954087495804,0.970272362232,0.112181060016,0.607044279575,0.976407051086,0.999913930893,0.511843979359,0.0542542040348,0.556989789009,0.962672650814,0.923918008804,0.245956555009,0.0931165590882,0.019447889179,0.000827329407912,0.000303223059746,0.577422738075,0.809827983379,0.364716768265,0.0718399733305,0.999999880791,0.413128703833,4.564822666e-05,0.463884234428,0.0776146501303,0.941174685955,0.0354632139206,0.996554374695,0.651381611824,0.147262051702,0.999988555908,0.0178610309958,0.824259459972,0.199599683285,0.412304133177,0.583080172539,0.879648983479,0.579912304878,0.243583932519,0.988740980625,0.35739299655,0.976301372051,1.48321133153e-10,0.888468801975,0.924440741539,0.529307067394,0.781387686729,0.00492638489231,0.984564900398,1.0,0.92552703619,0.00318792788312,0.765204668045,0.971094071865,0.807202935219,8.0
0.948826253414,0.00113997317385,0.556895911694,0.0819996222854,0.318995684385,0.0287227779627,0.999864578247,0.0436060763896,0.633700430393,0.9705093503,0.165440306067,0.857537865639,1.0,0.00117676041555,0.99997985363,0.000310163653921,0.00134762970265,1.0,0.607830405235,0.964696466923,0.99053812027,0.920463502407,0.999848008156,0.949238300323,0.376748681068,0.671355128288,0.0399576574564,0.649279534817,0.966527163982,1.0,0.845611393452,0.82745039463,0.00135765271261,0.531211197376,0.822600066662,0.0254724752158,0.586063802242,0.300488829613,0.151527181268,2.15535166603e-07,0.958984434605,0.0400886796415,0.984322726727,0.323698252439,0.865156710148,0.858823478222,0.765245556831,0.0210390649736,0.184973731637,0.817551136017,0.0703085586429,4.43054773314e-07,0.975902497768,0.498370021582,0.415330946445,0.242016911507,0.341514021158,0.451076924801,0.194904193282,0.463197886944,0.303043544292,0.876935422421,0.962396383286,0.631914317608,7.0
0.00133738829754,0.999999880791,0.0137124219909,0.0337718427181,0.845104753971,5.96702721956e-12,0.516406416893,0.0273731946945,5.76151961695e-08,0.617987394333,0.610275328159,0.193411841989,8.68432579182e-08,0.0563096031547,0.999445259571,2.29658556061e-10,0.992722570896,1.0,0.133954286575,0.99999153614,0.00153209769633,0.0166202466935,0.997756779194,0.565037310123,0.378288030624,0.871332943439,0.0258325655013,0.3675801754,0.985521793365,0.99988424778,0.0514094978571,0.999999761581,0.912372291088,0.993649661541,0.0600481256843,0.0554437227547,0.200825050473,0.999813973904,0.0944703370333,0.998734652996,0.926915943623,0.99394351244,0.051998551935,0.950460791588,0.380639910698,0.999844551086,0.136033266783,0.97727316618,0.875474154949,0.841570317745,0.0677603632212,0.000406205072068,0.909218370914,0.995351672173,0.703320324421,0.69595772028,0.289311856031,0.855231642723,0.446203023195,0.414285421371,0.158381864429,0.926056742668,0.955326795578,3.28596688632e-05,2.0
0.000201236776775,1.0,0.470751225948,0.277594387531,0.0562345534563,4.80240814267e-17,0.204388424754,0.265763044357,0.117481529713,0.831384241581,0.787541031837,0.182168990374,0.99998486042,4.71814289436e-21,0.997750341892,2.22205265899e-15,0.43493655324,3.09722416603e-08,0.440075665712,1.01629284472e-05,0.900503098965,0.88104814291,9.27091662106e-07,0.706256449223,0.00587078230456,2.08442774152e-09,0.014602326788,0.967062652111,0.134118288755,2.45467418836e-07,0.566341996193,1.0,0.854721784592,0.32993760705,0.0285521131009,0.498455673456,0.315334141254,0.944583594799,0.998174190521,3.83472169574e-08,0.00894489232451,0.831883311272,0.882793068886,0.66681176424,0.255257695913,0.46743863821,0.719852030277,0.778898596764,0.993343472481,0.973262727261,0.000240033346927,0.0275705661625,0.976005613804,0.990438401699,0.271541774273,0.0274762008339,0.700626552105,0.361018240452,0.0609590150416,0.328011602163,0.0084323566407,0.258474320173,0.0662820190191,1.16399551189e-05,1.0
0.192923799157,0.0135054346174,0.874675989151,0.427081912756,0.0551571883261,0.580997824669,0.99997985363,0.697561740875,1.01287875656e-11,0.170920222998,0.345005869865,0.956606328487,0.999995470047,0.470273345709,0.999781191349,2.83645895252e-05,0.54748159647,0.575128912926,0.00841294974089,0.468851685524,0.000488877529278,0.451231688261,0.522866070271,0.1163129583,0.286105275154,0.856470167637,0.102005496621,0.977288067341,0.501703381538,0.998256266117,0.243405148387,0.701107144356,0.280709445477,0.699150323868,0.223441839218,0.114476323128,0.131794154644,0.739836454391,0.0373707599938,0.999907255173,0.997441291809,0.616320133209,0.0266543384641,0.936933577061,0.335808336735,0.620543837547,0.124984890223,0.989986240864,0.226424783468,0.53615552187,0.281483441591,0.000414793088567,0.0181618835777,0.905829489231,0.961391687393,0.237415194511,0.909014642239,0.56838041544,0.00967210717499,0.460823893547,0.991084098816,0.590719342232,0.930806815624,6.61935191602e-05,2.0
0.0371694676578,0.564449548721,0.0771080106497,0.0196779537946,0.301918894053,4.60321061269e-08,0.995945990086,0.522622942924,0.448849052191,0.978876769543,0.809718072414,0.133131071925,0.489343941212,1.85627769156e-07,0.999152898788,0.0044647520408,1.0,1.0,0.857040524483,0.845657408237,0.955342769623,0.895101904869,0.999999046326,0.000173849213752,0.99548882246,0.916151642799,0.00354198180139,0.813485562801,0.869590580463,0.515299379826,0.831637203693,0.982037901878,0.429792076349,0.414985239506,0.119116462767,0.178246930242,0.993767261505,0.70953565836,0.404127627611,3.04023132003e-07,0.0944873690605,0.0359749868512,0.629335105419,0.485300630331,0.992973208427,0.765187680721,0.101305522025,0.0076514291577,0.176988616586,0.644057095051,0.324058681726,0.551752090454,0.955581009388,0.999949574471,0.0496315211058,0.993809998035,0.00738850794733,0.234893813729,0.239370003343,0.921492934227,0.0106910839677,0.000161828400451,0.600113689899,0.763818323612,3.0
0.81288087368,2.24806194637e-06,0.89828389883,0.589737832546,0.662660837173,0.995432019234,0.0415213815868,0.0282904654741,0.240439087152,0.918156147003,0.506243348122,0.888310074806,0.992801904678,0.999984264374,0.999946117401,0.462797790766,1.0,0.49468177557,0.0978131443262,0.504610538483,0.00556356832385,0.391794979572,0.601478815079,0.231001168489,0.823967814445,0.998588383198,0.838777065277,0.14100728929,0.418631970882,1.0,0.00892206653953,0.99579501152,0.249231740832,0.829895675182,0.151893645525,0.438705354929,0.65087968111,0.0281688626856,0.144857272506,0.965210974216,0.983782351017,0.997924804688,0.767522275448,0.303381323814,0.794728636742,0.164205849171,0.450084090233,0.508119761944,0.314423650503,0.76898932457,0.420293271542,0.497017621994,0.667721152306,0.311020582914,0.970296800137,0.984816610813,0.854481577873,0.747628629208,0.581701636314,0.146967500448,0.44078835845,0.388435900211,0.696664094925,0.8191806674,3.0
0.249819710851,0.545897722244,0.700820446014,0.873094022274,0.999346792698,0.268318831921,1.0,0.671825587749,0.13514444232,0.947681665421,0.17629685998,0.00562621187419,3.43296270347e-18,0.998575091362,0.999678373337,0.388345241547,0.663166582584,0.683240354061,0.137730419636,1.0,0.159094840288,0.00869393814355,0.449548691511,0.91946876049,1.56387304742e-05,0.670629620552,0.000292756187264,0.343263804913,9.43574995915e-10,1.0,0.47966620326,1.0,0.723178684711,0.997106850147,0.899692237377,0.979973018169,0.247256621718,0.725250840187,0.000955882191192,0.94757014513,0.0512144826353,0.973415791988,0.307393193245,0.227214097977,0.56054854393,0.991915643215,0.0402967445552,0.700675725937,0.992798447609,0.253028333187,0.607872009277,0.39118245244,0.993152618408,0.589828968048,0.0428442768753,0.992533326149,0.622346699238,0.832793593407,0.999938845634,0.470260590315,0.0107842776924,0.0498830527067,0.983259797096,1.68142236134e-07,8.0
0.442027568817,0.00123408890795,0.68406444788,0.997252047062,0.398853689432,0.997227847576,0.996922910213,0.916968047619,0.130280211568,0.0272221732885,0.27327388525,0.992122352123,0.905706763268,0.489477694035,0.99991941452,3.1565905374e-05,4.42587579253e-16,0.000761879258789,0.700825870037,0.131677672267,0.79431951046,0.0552461184561,0.00362902111374,0.724422872066,0.522519350052,0.60934060812,0.972617268562,0.943851649761,0.000230897145229,0.91153472662,0.597857356071,1.79503131221e-05,0.183046936989,0.0149806262925,0.459475338459,0.199032053351,0.870317220688,0.616800606251,0.992717862129,0.999990463257,0.71096932888,0.87037140131,0.0193705223501,0.211344882846,0.137430876493,0.19653429091,0.0614797063172,0.931305646896,0.292428940535,0.525895476341,0.169797152281,0.0175034068525,0.805707335472,0.468758255243,0.825009047985,0.0686569437385,0.442632287741,0.125039368868,0.486884891987,0.885982692242,0.345182299614,0.420344948769,0.950959324837,0.797930240631,4.0
0.967315256596,3.39140774486e-06,0.992134809494,0.999034523964,0.626080811024,0.999997496605,0.379301726818,0.726961374283,0.307800322771,0.460225731134,0.908360362053,0.0223303008825,0.00706127751619,0.555531620979,0.999997973442,0.0921258255839,2.68980493274e-05,0.984600007534,0.197557643056,0.478753089905,0.942140698433,0.0753525197506,0.0174434315413,0.363447517157,0.545572638512,0.586767494678,0.0317812860012,0.833886146545,3.11702096951e-05,1.0,0.880995452404,0.430810153484,0.172146007419,0.878584980965,0.881716072559,0.720287322998,0.732535481453,0.587519884109,0.00563463987783,0.999955654144,0.178841948509,0.261657387018,0.0891392752528,0.510420203209,0.715825140476,0.795212686062,0.73675006628,0.448844522238,0.980544805527,8.25498864288e-05,0.455965340137,0.502159237862,0.977237761021,0.0700021162629,0.136878058314,0.682804405689,0.550877869129,0.99528414011,1.0,0.997802555561,0.0181858111173,0.329034686089,0.963438391685,0.554077625275,8.0
2.33305672737e-05,1.0,0.321741610765,0.365118801594,0.000317690748489,2.16500950501e-07,0.00569898076355,0.977488875389,0.178078532219,0.490179121494,0.647853374481,0.00250372500159,0.519694566727,1.36236508297e-07,0.999803602695,3.02570424537e-05,0.999791562557,0.0675976723433,0.356002420187,0.403574198484,0.986961960793,0.0954695343971,0.000243743357714,0.531193554401,0.594217181206,9.00516824913e-05,0.519745349884,0.943550884724,0.00627834303305,3.24005526409e-07,0.914578258991,1.0,0.340194374323,0.980219900608,0.388154059649,0.813780725002,0.826920986176,0.327712118626,0.902473151684,0.999995470047,0.667545199394,0.877599358559,0.306260555983,0.230121657252,0.916387438774,0.369776159525,0.0772479623556,0.588361084461,0.102854207158,0.000247772783041,0.999675989151,0.999994754791,0.981549322605,0.338324904442,0.093084692955,0.0207912921906,0.444525837898,0.948172450066,0.142179861665,0.261010318995,0.993277609348,9.88480678643e-06,0.94958537817,0.984487831593,4.0
0.340885907412,0.99998486042,0.98923522234,0.176076486707,0.000177532056114,0.50213265419,0.0322110131383,0.0425527915359,0.901979207993,0.245016142726,0.699618279934,0.177305802703,0.47281947732,0.472520112991,0.999929785728,0.999776184559,0.463974446058,1.0,0.989981472492,0.536097824574,0.140539705753,0.0147852534428,1.0,0.000459392816992,0.989608705044,0.395872086287,0.753510594368,0.586204588413,0.985419273376,0.559591710567,0.972823143005,0.516695797443,0.0339699871838,0.911099433899,0.0515934564173,0.819662034512,0.999987721443,0.985408604145,0.581052362919,0.999999642372,9.36249271035e-05,0.842660605907,0.981354236603,0.0150614194572,0.722838103771,0.0205943509936,0.712785959244,0.0131162349135,0.00156264845282,0.828313052654,0.188145518303,0.606112599373,0.994813084602,0.707204401493,0.207560390234,0.0129828825593,0.0350485406816,0.99439561367,0.570114850998,0.76232624054,0.808660328388,0.00587849039584,0.454955399036,0.990509271622,7.0
0.697680473328,0.547733366489,0.452505290508,0.997641444206,0.371328115463,0.994899570942,0.00302198785357,0.01790458709,0.684908747673,0.875082194805,0.280050396919,0.402232587337,8.04226097609e-13,0.485163122416,0.999999046326,0.00059453828726,1.71212715117e-08,0.999712884426,0.312366396189,0.00469736196101,0.0443182960153,0.232493087649,0.000503948132973,0.660402476788,0.999999880791,0.915923297405,0.972966194153,0.941753089428,8.66786831466e-06,0.994106888771,0.559213936329,0.332937061787,0.827773869038,0.874289989471,0.137341722846,0.69568246603,0.527081131935,0.939208447933,0.00692352373153,0.497394144535,0.767102301121,0.917701363564,0.971797347069,0.570190012455,0.250278711319,0.812325060368,0.121336728334,0.948197960854,0.808737277985,0.491870075464,0.991768360138,0.999568402767,0.975582778454,0.0085503552109,0.262646973133,0.947980225086,0.613533556461,0.912646114826,0.999999761581,0.690978586674,0.968818485737,0.00132395583205,0.748700261116,0.982726097107,3.0
0.833614885807,2.16065873246e-05,0.665162622929,0.670974850655,0.967192649841,0.999938845634,0.768738925457,0.614705145359,0.0501729547977,0.731380820274,0.167612016201,0.858764469624,0.346533685923,1.0,0.999999046326,0.999844789505,1.0,0.508071362972,0.302656322718,0.501053094864,0.0519904568791,0.571311712265,0.999984622002,0.560597956181,0.472320795059,0.996915698051,0.0030680980999,0.0954292044044,0.235559254885,1.0,0.009770530276,0.436999976635,0.961894094944,0.835652589798,0.0394423939288,0.802890121937,0.461341530085,0.00428148638457,0.000315842538839,0.672897517681,0.609012424946,0.735743820667,0.917390108109,0.393031865358,0.998820960522,0.162126347423,0.572423219681,0.810786187649,0.943571805954,0.657926678658,0.68938845396,0.619343936443,0.94875395298,0.0133487088606,0.202311649919,0.973518133163,0.897873938084,0.267813205719,0.0260576792061,0.137008875608,0.912075936794,1.41225500556e-05,0.523568153381,0.978781163692,5.0
0.000264487374807,1.0,0.616680145264,0.00161797821056,9.64726277743e-05,1.96232036842e-07,0.00506900111213,0.928094565868,0.00172836100683,0.156191915274,0.37283167243,0.0649873912334,0.992886006832,5.16609460289e-14,0.999962568283,0.00894447881728,0.999998927116,1.89587099158e-05,0.0325336270034,0.529980301857,0.788615584373,0.125013753772,6.63368336973e-06,0.4678132236,0.0258346665651,1.39374565222e-08,0.874308109283,0.63918441534,0.50640976429,0.000920957012568,0.923624515533,1.0,0.79112136364,0.824277579784,0.572851359844,0.789338171482,0.990612626076,0.435012608767,0.999757707119,0.999999642372,0.0788404121995,0.968049108982,0.179796397686,0.548570752144,0.922323107719,0.0402184948325,0.0407579280436,0.669291377068,0.289142817259,0.356903225183,0.444542318583,0.548002064228,0.987567067146,0.670997023582,0.185274422169,0.108838252723,0.833717107773,0.50693410635,0.0247446931899,0.209278851748,0.976121783257,0.044388987124,0.985231280327,0.985645830631,4.0
0.834363222122,0.540596723557,0.977003633976,0.928963601589,0.896582901478,0.154718160629,0.44070366025,0.588146626949,0.499676197767,0.4087433815,0.812989890575,0.0303619839251,0.439837545156,0.488191604614,0.997030496597,0.475867539644,0.460058033466,0.002834639512,0.723015725613,0.421742558479,0.427864819765,0.733491837978,0.161757901311,0.43379881978,0.000312900869176,0.586804926395,0.0412986092269,0.0223075263202,0.915321469307,0.999937534332,0.460996478796,0.315266609192,0.78782081604,0.72349768877,0.938285768032,0.950945734978,0.561959922314,0.95707243681,0.175662189722,4.73784712085e-06,0.00879265461117,0.928519904613,0.175835058093,0.382797896862,0.827361285686,0.352820396423,0.931971132755,0.374276429415,0.99507021904,0.96064800024,9.92423083517e-05,0.473871707916,0.907171070576,0.162160903215,0.259335398674,0.412005633116,0.763423621655,0.925436079502,0.99998152256,0.803592503071,0.00986753962934,0.884924769402,5.45357607962e-08,0.431878834963,1.0
0.0184402875602,0.559375584126,0.55924975872,0.978378891945,0.999960541725,0.510732293129,0.33553314209,0.974935352802,0.945174813271,0.759929001331,0.936846494675,0.0339260362089,0.469890415668,0.524462044239,1.92721880121e-12,1.0,0.438462197781,1.0,0.999818384647,0.789917349815,0.945930182934,0.0250307861716,1.0,0.206111326814,0.462342739105,0.916738569736,0.940509259701,0.883376538754,0.823351085186,0.496724277735,0.937079131603,0.000217146327486,0.00354632805102,0.85950165987,0.00623118830845,0.0622358582914,0.953337490559,0.331142961979,0.684347391129,0.999999880791,0.386248499155,0.00873042922467,0.783380150795,0.338602364063,0.810185551643,0.750985860825,0.206143766642,0.948159098625,0.970412909985,0.959076344967,0.58096832037,0.548900127411,0.999749004841,0.127253443003,0.0490131601691,0.000663520826492,0.0200302451849,0.784207999706,0.999995470047,0.570974111557,0.958357751369,3.50951704604e-05,0.306302338839,0.74942445755,7.0
0.241625472903,0.523032307625,0.722681701183,0.179547905922,0.459533423185,0.385195672512,0.766704499722,0.705398321152,0.40027576685,0.316646307707,0.768906831741,0.103543736041,0.56542122364,0.0653676092625,0.432745099068,0.999582707882,0.457262277603,0.902934193611,0.487505346537,0.438104510307,0.945878744125,0.896589815617,0.491833150387,0.535305976868,0.819787681103,0.373816162348,0.376900434494,0.561090886593,0.745360255241,0.46049362421,0.902220606804,0.706444144249,0.153201416135,0.895370900631,0.058850992471,0.50679475069,0.427082777023,0.600574970245,0.00525851454586,1.38173392727e-08,0.253984987736,0.507000803947,0.923271417618,0.819431960583,0.287676006556,0.852701663971,0.688769698143,0.133449703455,0.979945540428,0.724559545517,0.999997377396,0.999257624149,7.320792065e-05,0.913823783398,0.849051773548,0.0558911636472,0.1065948084,0.993885219097,0.377240538597,0.999381184578,0.829718410969,0.173406898975,0.320725351572,6.22583673504e-09,3.0
0.726177513599,0.534274995327,0.889542877674,0.908681988716,0.0545399785042,0.576372027397,0.56902974844,0.712410509586,0.000363688886864,0.200024262071,0.749698102474,0.473239213228,0.977924704552,0.43186429143,0.987791419029,0.000260255153989,0.000190337261301,0.00989682134241,0.165656387806,0.000506740994751,0.635106921196,0.286755591631,3.63484381483e-10,0.00010506806575,0.00367272901349,0.833590567112,0.931650459766,0.932875812054,0.140483900905,0.999998807907,0.267399102449,0.000704100239091,0.945522129536,0.114706419408,0.657803118229,0.466728568077,0.938247799873,0.937387883663,0.21617564559,1.31255745828e-07,0.00566396443173,0.746832132339,0.0286764074117,0.769173681736,0.814674556255,0.890051782131,0.811094224453,0.961728334427,0.997632265091,0.436533808708,0.461153000593,0.00737530412152,0.00145788618829,0.981934547424,0.976158440113,0.227272450924,0.593184947968,0.972518503666,0.985246002674,0.920256376266,0.359090358019,0.499525755644,0.952685773373,0.764545857906,8.0
0.985258460045,0.599248409271,0.873429954052,0.473565578461,0.348041981459,1.0,0.309506356716,0.177725851536,0.458703398705,0.991895496845,0.343174248934,0.0874226987362,0.505142569542,0.934497654438,0.999997138977,0.579149365425,3.41048848895e-06,0.999981641769,0.000338435493177,1.0,0.956306219101,0.0849401950836,1.0,0.437407493591,0.510301411152,0.000873026903719,0.10468981415,0.562458336353,0.000814486178569,0.998673915863,0.974455952644,0.625266969204,0.130557343364,0.99957627058,0.331359982491,0.240821048617,0.779224038124,0.557370305061,0.000706484308466,0.999186575413,0.210833624005,0.0172654241323,0.800169110298,0.207405239344,0.722895443439,0.977675437927,0.700669825077,0.0363538898528,0.953305184841,1.17595300253e-05,0.962524414062,0.374363958836,0.99582028389,0.675245285034,0.00777787482366,0.921640634537,0.995717942715,0.352348148823,0.731641471386,0.95457559824,0.0024551465176,0.77235275507,0.874213457108,0.889876425266,8.0
0.00331666017883,1.0,0.857620835304,0.89118874073,0.558244764805,0.000187926925719,0.105342768133,0.782139778137,0.353136748075,1.72130592091e-06,0.38824185729,0.929391086102,0.377621233463,9.31133747883e-09,0.107534863055,9.01211751625e-05,0.447758167982,0.526898562908,0.821804642677,1.28734273675e-12,0.599077403545,0.234730109572,0.000231555241044,0.999891996384,0.570178627968,0.0724945068359,0.993441462517,0.405837923288,0.862162470818,5.19251225342e-05,0.240127906203,0.641340374947,0.839527368546,0.33001947403,0.758848071098,0.500348746777,0.0712893530726,0.994624197483,0.994042932987,3.77751774749e-07,0.020105984062,0.995543181896,0.335663974285,0.297338247299,0.636764466763,0.00497495662421,0.975928723812,0.185305476189,0.992013990879,0.651928901672,0.998144030571,0.972061038017,0.609714925289,0.0283810272813,0.993855535984,0.0248302705586,0.116514921188,0.997345268726,0.28676661849,0.757992863655,0.835306048393,0.177936926484,3.27066777572e-06,0.893430054188,6.0
0.000679998425767,0.999977827072,0.986484229565,0.991062164307,0.0205441210419,3.4959966797e-06,0.0801185593009,0.424291342497,1.41684788901e-11,0.0771434232593,0.692216813564,0.988364458084,0.57986164093,1.4322252273e-09,0.999999880791,6.6817671266e-17,0.40697106719,0.536838233471,0.138123810291,7.63632976297e-11,0.0707793310285,0.977904558182,4.98962373155e-12,0.610265433788,0.219275027514,0.768609523773,0.777107357979,0.998231828213,0.0162612348795,0.501412272453,0.0398064218462,0.615357339382,0.920130372047,0.00272519490682,0.834537804127,0.0175545420498,0.880084395409,0.992736816406,0.353544324636,0.0129982456565,0.0929389894009,0.858320474625,0.0946474373341,0.0945095643401,0.497222900391,0.924904584885,0.258967190981,0.999929070473,0.98487085104,0.237791448832,0.00548560312018,0.207837924361,1.87987177469e-06,0.220538780093,0.000756069959607,0.0351239293814,0.983712017536,0.424189716578,0.405399829149,0.065197058022,0.991894185543,0.143247038126,0.997221827507,0.948056876659,0.0
0.212330535054,1.0,3.64103143511e-05,0.000606611720286,0.998253762722,0.999999403954,0.0609839856625,0.00150376977399,0.63351136446,0.0108219552785,0.486851781607,0.994527637959,0.999871015549,1.1011469514e-10,0.999951720238,0.999973535538,0.999850273132,0.612939178944,0.0958515331149,0.534537434578,0.676383376122,0.908393800259,0.99983394146,0.999945521355,0.0025852038525,0.215445950627,0.593379497528,0.398283600807,0.832231879234,0.459192126989,0.971304118633,0.599112153053,0.965719223022,0.960529744625,0.0815620347857,0.986363232136,0.00318385008723,0.0259887892753,0.123639069498,0.00016012568085,0.408205240965,0.947350502014,0.991786897182,0.148502737284,0.918348252773,0.8381986022,0.2581820786,0.00791679136455,0.99281078577,0.920221626759,0.000586710055359,0.734830617905,0.996724188328,0.00141990603879,0.951063334942,0.822831690311,0.996106922626,0.00919467955828,0.00178458495066,0.411438375711,0.997186839581,0.0356284491718,0.932234764099,0.925454556942,7.0
0.669570088387,0.999999165535,0.989759206772,0.0074933199212,0.0740875974298,0.486000746489,0.679347276688,0.702495515347,0.224009111524,0.0972321480513,0.346402168274,0.213377967477,0.864806830883,0.348400861025,0.509275019169,0.48918390274,0.529429078102,0.503983080387,0.000454474647995,1.0,0.934547960758,0.186111479998,0.0114507004619,0.66024428606,8.62121467549e-08,0.288035422564,0.970141172409,0.363809883595,0.0729773491621,0.293950915337,0.929749667645,0.415690839291,0.75779157877,0.991542696953,0.991201281548,0.118729904294,0.00117951317225,0.378417372704,0.945078253746,0.332053571939,0.294449418783,0.973966419697,0.00165221479256,0.135763555765,0.187391206622,0.830046117306,0.997678697109,0.428736776114,0.604952871799,4.71027988169e-06,0.159956946969,2.12242575799e-05,0.0297830700874,0.410249590874,0.991682887077,0.0129246460274,0.998357594013,0.0836107283831,0.563073992729,0.0270899552852,0.247637689114,0.9786927104,0.99791353941,0.714533865452,6.0
0.998367130756,0.993220686913,0.463184773922,0.0931753665209,0.17846545577,1.0,0.092315196991,0.0243212040514,0.174436539412,0.993687808514,0.195029750466,0.955570876598,0.644528865814,0.536043465137,0.999976158142,0.985904633999,0.10673302412,0.989314079285,0.024283349514,1.0,0.434060126543,0.572069168091,0.999971866608,0.00112345640082,0.000614043674432,0.560685694218,0.875472247601,0.57066732645,0.545667052269,0.999999284744,0.965558171272,0.00891166646034,0.981075108051,0.988882005215,0.251543492079,0.548065960407,0.997208535671,0.503323197365,0.00570683507249,0.441234260798,0.0134062245488,0.070370465517,0.390491396189,0.399909764528,0.87136310339,0.783889114857,0.619785189629,0.0115236835554,0.985703289509,0.323489010334,0.399277895689,0.0222163889557,0.974962413311,0.978826880455,0.0349315963686,0.998232960701,0.965698301792,0.29626879096,0.388189613819,0.295881718397,0.00307061034255,0.287140607834,0.817065596581,0.980017185211,8.0
0.344457954168,0.51002061367,0.708459854126,0.982915878296,0.394062876701,0.506807565689,0.62452095747,0.519926726818,0.31548500061,0.139998063445,0.290948569775,0.554993927479,0.972124934196,0.988182127476,0.99999165535,5.30953307987e-08,0.434748321772,0.00618972443044,0.682012617588,4.62152260905e-10,0.996861934662,0.750331699848,0.467565745115,0.971874773502,0.969211518764,0.675094246864,0.0167558621615,0.0289256367832,0.951343357563,0.999519228935,0.0230575222522,0.523918271065,0.0696572586894,0.885625004768,0.610092580318,0.856331527233,0.0346409901977,0.976738035679,0.0120651125908,9.87331438829e-10,0.0441409759223,0.910166323185,0.319400131702,0.44380196929,0.985796630383,0.505187511444,0.999846816063,0.276229679585,0.714492857456,0.865141391754,0.505680501461,0.997100293636,0.982902050018,0.0646347925067,0.649960696697,0.252869337797,0.38441991806,0.993954598904,0.791612923145,0.89625287056,0.758860647678,0.79647731781,8.26034556667e-06,0.945093691349,6.0
0.0716286748648,0.499730378389,0.00983495265245,0.112839385867,0.983737707138,4.85497548652e-05,0.999976754189,0.00266465474851,0.995438158512,0.998064815998,0.937994837761,0.849689900875,0.174377188087,0.417495816946,0.99994790554,0.484248071909,0.951897263527,0.415269643068,0.861100614071,1.11607721465e-06,0.107740849257,0.999562799931,0.650894880295,0.945555150509,0.0311744324863,8.0856763816e-05,0.979041993618,0.467048823833,0.941773235798,0.39251473546,0.0547080338001,0.0521054342389,0.322243064642,0.0045406986028,0.137922048569,0.00334727205336,0.0692966133356,0.984273314476,0.666995823383,0.499896019697,0.160455197096,0.00865793507546,0.953208327293,0.0110813016072,0.0122792888433,0.990138530731,0.14225512743,0.948762059212,0.992943942547,0.997942388058,0.368275463581,0.615832388401,0.808011651039,0.831062436104,0.966667234898,0.883329570293,0.99938750267,0.992558956146,0.178245410323,0.10338961333,0.125805750489,0.931305766106,0.578203976154,0.725422739983,1.0
0.895421504974,0.52950656414,0.763294219971,0.750736713409,0.0910542309284,1.0,0.287881225348,0.649786055088,0.722044765949,0.49500605464,0.199912413955,0.71454757452,0.555317342281,0.984591245651,0.447121709585,0.574612081051,0.458054482937,0.565932273865,0.347453415394,0.531883299351,0.790550887585,0.969346344471,0.999998688698,0.0213276762515,0.95494222641,0.824554800987,0.677628338337,0.0136922337115,0.995497226715,0.540353178978,0.807656049728,0.00091202306794,0.752313315868,0.92733925581,0.956890165806,0.82464247942,0.996396362782,0.382086962461,0.684081792831,1.31065363007e-07,0.00532576302066,0.889318048954,0.011987619102,0.608854055405,0.97486782074,0.13487431407,0.21862386167,0.00981072988361,0.00346553395502,0.751818060875,0.111588649452,0.99999153614,0.784103572369,0.945698618889,0.0829743519425,0.742901325226,0.85689586401,0.370288550854,0.99656611681,0.900632083416,0.0184322483838,0.817759335041,2.03492101641e-11,0.998872101307,4.0
0.00593540538102,0.998642504215,0.0452646948397,0.733599424362,0.756863534451,0.935864746571,9.91600172711e-05,0.353578567505,0.590757727623,0.115584172308,0.999738156796,0.196975931525,0.993374049664,0.000259469030425,0.999999403954,0.979105532169,0.999999165535,0.000672501220834,0.830221831799,0.00520578864962,0.625487446785,0.809932053089,6.43128005322e-05,0.995985150337,0.999986171722,0.770564436913,0.999963283539,0.0162414927036,0.809327483177,5.26309413544e-05,0.0551260448992,0.217129528522,0.396050214767,0.305198729038,0.235208824277,0.055588375777,0.67819237709,0.885711848736,0.990926623344,0.000100921082776,0.1274176687,0.896294653416,0.695576488972,0.44618204236,1.97245699383e-05,0.919046878815,0.399519860744,0.252409607172,0.989764809608,0.382146179676,0.450665473938,0.999997973442,0.963899672031,0.0147417606786,0.600672841072,0.87635153532,0.0539347603917,0.555625915527,0.806053519249,0.068308904767,0.99508613348,0.73835003376,0.956771910191,0.710645079613,9.0
0.0127531643957,1.0,0.129201322794,0.0971254706383,0.992780745029,6.51707086945e-05,0.999998092651,0.99971216917,0.200718969107,0.867994070053,0.0755420550704,0.153348714113,0.999969482422,0.323438495398,1.49723415888e-08,0.914854049683,0.46471992135,0.476425081491,0.976183652878,0.580238342285,0.995313048363,0.0348879434168,0.586450636387,0.632041156292,0.00101416988764,0.112524151802,0.691257238388,0.0304862204939,0.737473726273,0.439802616835,0.100270427763,0.455056011677,0.097984790802,0.959358990192,0.00435468647629,0.0437663458288,0.976974725723,0.878070116043,0.996265828609,2.26315355345e-11,0.265033781528,0.543917953968,0.146742597222,0.975606918335,0.880405247211,0.98854547739,0.0302858129144,0.9452906847,0.985902905464,0.984176874161,0.999999046326,2.12508712139e-05,0.99960488081,0.993380665779,0.0783034190536,0.0143776116893,0.00138509669341,0.167505085468,0.35317799449,0.307246267796,0.482043296099,0.809089243412,0.708041906357,7.27196165826e-05,7.0
0.074119053781,0.977926194668,0.797431588173,0.906280040741,0.786069869995,2.2466412411e-12,0.63572126627,0.0309897828847,0.963929593563,0.994425058365,0.585213541985,0.701005101204,0.319817066193,3.44889793265e-14,0.998601973057,5.34295052645e-10,2.74375082654e-07,0.0536364391446,0.898538410664,6.62730581524e-09,0.354632943869,0.972383320332,0.00117740570568,0.655730903149,0.0018044662429,3.12146909209e-07,0.471807122231,0.973809361458,0.425454050303,0.00292823230848,0.452867329121,0.540503263474,0.453549683094,0.00531209725887,0.271853834391,0.188871979713,0.0294421445578,0.995544731617,0.980942249298,0.00132612069137,0.0485219024122,0.324520885944,0.854739367962,0.40368399024,0.0137279862538,0.845697402954,0.959378838539,0.922796428204,0.992929399014,0.997094869614,1.42231356222e-05,7.0681249781e-05,0.897193849087,0.871489286423,0.898882985115,0.111654527485,0.961402177811,0.722485721111,0.597453773022,0.130710586905,0.00630099885166,0.869024097919,0.00267449999228,0.0417646430433,1.0
0.220869883895,0.999994635582,0.968749701977,0.0941143259406,0.00988902151585,1.14424165076e-05,0.999999403954,0.993814349174,0.616826474667,0.200038194656,0.108845405281,0.131516754627,0.998554170132,0.912472009659,0.0190000757575,9.99736071705e-10,0.501315712929,0.955089867115,0.00578332459554,0.412365138531,0.0028121592477,0.0452623441815,0.591186583042,0.0251386873424,3.50758964487e-05,0.144098907709,0.0469685383141,0.932469010353,0.770202040672,0.974544465542,0.613798975945,0.00239734421484,0.968354940414,0.988789796829,0.312260657549,0.73578619957,0.491503477097,0.975055158138,0.730160355568,1.0,0.841289579868,0.89166367054,0.0597318708897,0.113558471203,0.999779522419,0.0548876449466,0.159281894565,0.923341870308,0.292123317719,8.41566760723e-10,0.370888084173,0.00243017612956,0.691630959511,0.686334252357,0.986639559269,0.00422546174377,0.571914851665,0.911466479301,0.500885784626,0.978136718273,0.376788824797,0.968109190464,0.723040938377,0.993780553341,2.0
0.154372408986,0.991801321507,0.161211490631,0.280244588852,0.845042824745,0.547368228436,0.449101924896,0.160473749042,0.560178101063,0.994235813618,0.782033741474,0.749899744987,0.86097151041,0.513528048992,0.999999880791,0.536593317986,0.994987249374,0.464674979448,0.520499765873,0.739849507809,0.0175978001207,0.948681414127,0.999987721443,0.978686630726,0.000303223641822,0.919937551022,0.38134175539,0.0374500565231,0.698491752148,0.0355985611677,0.156807586551,0.830920755863,0.0609362274408,0.951214671135,0.10501922667,0.0094507066533,0.538916230202,0.869678378105,0.0252379905432,2.54784890785e-06,0.987655878067,0.923317670822,0.97645175457,0.00647404696792,0.954494774342,0.995064795017,0.049181047827,0.036874063313,0.373288601637,0.478732973337,0.510561347008,0.397240042686,0.995848417282,0.522649824619,0.196993425488,0.413327306509,0.291219979525,0.748756408691,0.165595650673,0.484443992376,0.625566720963,0.232855111361,0.795225560665,0.954971075058,5.0
0.0122795775533,0.000593736185692,0.600885391235,0.671557664871,0.431558221579,0.478084802628,1.0,0.999904870987,7.74737600295e-07,0.0174384005368,0.287425428629,0.839717805386,0.999999523163,0.999935984612,0.352730065584,0.53605145216,0.998354315758,7.57273923568e-08,0.0242868755013,3.41246004609e-06,0.00144747493323,0.533290147781,0.885333478451,0.712395012379,0.497087627649,0.441939353943,0.00307737034746,0.797279715538,0.326027601957,4.54023720522e-05,0.0460140556097,0.999992728233,0.0704799219966,0.15678781271,0.0477072671056,0.260955929756,0.00934099499136,0.0766768977046,0.0347686298192,0.999896764755,0.994157075882,0.327043920755,0.0867538824677,0.796698331833,0.442660272121,0.0370250344276,0.279634684324,0.991151154041,0.290805995464,0.506505846977,0.679595470428,0.502703428268,3.76018624593e-06,0.248383969069,0.770243287086,0.00868424493819,0.751970171928,0.246633812785,8.5143117758e-05,0.142519935966,0.999894738197,0.41435071826,0.259402543306,1.39848100389e-06,2.0
0.88866686821,0.000103477585071,0.964107990265,0.890351712704,0.385006517172,0.999999165535,0.74300044775,0.554244041443,0.567290782928,0.0831750556827,0.401849865913,0.877488553524,0.47179800272,1.0,0.992404043674,0.981749653816,0.4884775877,7.12227802069e-06,0.741944134235,0.267284333706,0.470686048269,0.27602493763,0.574792563915,0.634050428867,0.132183030248,0.918174564838,0.787994742393,0.00153300759848,0.911319375038,0.988840997219,0.00796186365187,0.0320914871991,0.134698852897,0.664335250854,0.693821489811,0.247929692268,0.970125377178,0.621890246868,0.251240044832,0.203463584185,0.0934678167105,0.940289974213,0.147398203611,0.00891138799489,0.179352536798,0.318018198013,0.778983473778,0.488579899073,0.967664182186,1.7493798623e-06,0.238736182451,0.499875277281,0.00968582835048,0.397243201733,0.722332656384,0.243293076754,0.247301876545,0.983767747879,0.99781703949,0.0485792867839,0.164807125926,0.893741607666,0.80220323801,0.394671171904,6.0
0.999266445637,0.000108293090307,0.620411455631,0.786816775799,0.194079205394,0.459906280041,0.907724916935,0.172739490867,0.898488640785,0.825194656849,0.0362267754972,0.784192681313,1.34661073958e-10,0.483865231276,0.998144745827,0.0188190247864,3.05883146774e-14,0.554367125034,0.494656831026,1.0,0.979954242706,0.678103804588,0.00934641063213,0.927968025208,0.816358625889,0.592961370945,0.71452409029,0.166357800364,0.0116052404046,0.999917268753,0.862389922142,0.000560472486541,0.0359261184931,0.29772746563,0.997996866703,0.639708340168,0.27397814393,0.652173876762,0.760559082031,0.989175975323,0.961980104446,0.277711212635,0.320124804974,0.358232736588,0.854213058949,0.828609645367,0.0958963483572,0.719869911671,0.0425722822547,0.146966144443,0.00449151545763,5.08964103574e-06,0.649543523788,0.0650552362204,0.748642206192,0.67064011097,0.143203288317,0.469320058823,1.0,0.223611682653,0.273926287889,0.574272871017,0.997320234776,0.9518404603,7.0
0.96764934063,0.989639282227,0.967533886433,0.882562637329,0.0316829271615,0.999999761581,0.404768437147,0.367761343718,8.76229023561e-05,0.346330165863,0.0141227580607,0.994744181633,0.438234984875,0.4813837111,0.999824106693,0.567561388016,5.3788210969e-21,0.921561539173,0.00349761336111,0.429097503424,0.000594958371948,0.05577942729,0.48966512084,0.366223663092,0.986085414886,0.0413676016033,0.993899703026,0.858946561813,0.493117898703,0.403214246035,0.868111491203,0.439092159271,0.263997167349,0.89750868082,0.0225642099977,0.282896101475,0.116019882262,0.996435403824,0.219791725278,0.462862759829,0.993120193481,0.589235424995,0.293978512287,0.935461819172,0.000704121717717,0.585170805454,0.233283355832,0.987617433071,0.407747149467,0.910585105419,0.297561615705,0.481280475855,0.0011289314134,0.0537272468209,0.430834144354,0.0788452923298,0.995930731297,0.234049201012,0.530374586582,0.284280210733,0.994287192822,0.886199533939,0.667279303074,9.65186263784e-05,3.0
0.735904157162,0.238669648767,0.389991998672,0.288490742445,0.883426189423,0.494059354067,0.999976992607,0.442081987858,0.584684669971,0.315371692181,0.77323526144,0.625343501568,0.0568101964891,0.881887853146,0.00266022188589,0.999999761581,0.00212029204704,4.77111916553e-06,0.238431021571,3.3234442526e-05,0.0418553352356,0.996713280678,0.0715300515294,0.470080137253,0.521403610706,0.0022189388983,0.126364514232,0.31032165885,0.454122841358,4.49603732022e-08,0.912491679192,0.439513981342,0.437423199415,0.312587141991,0.356006383896,0.226455569267,0.183243736625,0.383049219847,0.000459546077764,3.78371169063e-06,0.268369942904,0.426121801138,0.998026072979,0.234296932817,0.599920451641,0.451979339123,0.554250955582,0.849110782146,0.955452442169,0.716315627098,0.999380588531,0.997251689434,2.06621061807e-05,0.842237055302,0.430845439434,0.0503340102732,0.734528899193,0.934640705585,0.00479036569595,0.999977946281,0.99727243185,0.0925835072994,0.000431865657447,3.04824925479e-06,3.0
0.994707167149,0.00220431061462,0.592279195786,0.636080443859,0.999883770943,0.976515412331,0.0842287689447,0.321037113667,0.908496201038,0.0128306383267,0.971406936646,0.982677280903,0.0319796204567,0.00687314197421,0.999427974224,1.0,0.999864816666,2.31708763749e-05,0.998696148396,0.529947400093,0.00398648809642,0.637219250202,0.0113994562998,0.880339682102,0.584996342659,0.933903634548,0.716527342796,0.0275432951748,4.75456272397e-06,0.387689113617,0.135982319713,4.36914461943e-07,0.999903678894,0.0218962095678,0.334436893463,0.933955490589,0.00427890522406,0.713565707207,0.876701712608,0.423999249935,0.460656374693,0.406015247107,0.544268846512,0.845564246178,0.102941006422,0.00161229202058,0.788168311119,0.161577567458,0.87059211731,0.602232038975,0.0216986350715,0.444384545088,0.996762990952,0.00020834125462,0.174151793122,0.993928074837,0.314067304134,0.271003365517,0.576632201672,0.998832762241,0.744893014431,0.055479247123,0.959931373596,0.816697776318,0.0
0.0999263003469,2.6344396109e-10,0.738301932812,0.997483193874,0.269919455051,0.546899139881,0.248116716743,0.944849073887,0.489571630955,0.437494814396,0.991566240788,0.700296163559,1.0,0.920729696751,0.999996185303,1.26262778011e-10,0.565105736256,0.545160412788,0.822469770908,0.272349596024,0.900605022907,0.764333248138,0.0378089509904,0.552474319935,0.463640213013,0.927390396595,0.752576351166,0.966768443584,0.0680140703917,0.999999880791,0.288405686617,6.54340547044e-05,0.00949832517654,0.00617680791765,0.920009732246,0.519981622696,0.982855081558,0.0608331337571,0.711482942104,0.999999642372,0.793191254139,0.926236689091,0.20189806819,0.0609010197222,0.601567625999,0.384888917208,0.254594296217,0.698050439358,0.165804162621,0.111216761172,0.235408693552,0.00952944997698,0.91564977169,0.103330478072,0.465535968542,0.0324267707765,0.0850269049406,0.413212001324,0.509514927864,0.843558847904,0.548700451851,0.661977052689,0.975780248642,0.976931393147,4.0
0.962669193745,3.3550590149e-13,0.996444284916,0.979986846447,0.998769938946,0.570261657238,0.983801782131,0.793962538242,0.298278927803,0.3182721138,0.163014933467,0.998993098736,0.00237908540294,1.0,0.988617479801,4.99906893658e-10,0.513372957706,0.9979134202,0.721353888512,0.89865219593,0.444860726595,0.623043715954,0.999998450279,0.975526869297,0.0389312542975,0.809130966663,0.226322248578,0.406978487968,0.000388128275517,1.0,0.0442161671817,0.000380466954084,0.203034624457,0.00544198928401,0.972470223904,0.814707279205,0.471383839846,0.160905703902,0.032474335283,0.995511054993,0.0410641171038,0.934756100178,0.890189170837,0.00824848935008,0.832571208477,0.0163247901946,0.980562031269,0.732878267765,0.877758026123,0.000253499601968,0.0803095921874,1.8058531337e-09,6.9119971613e-07,0.00197043316439,0.000528859556653,0.566216409206,0.113642938435,0.125280454755,0.620704948902,0.264797687531,0.158731475472,0.965851068497,0.976491272449,0.670395612717,0.0
0.00269461493008,0.998524844646,0.00270547880791,0.360019952059,0.844207108021,6.41228325549e-05,0.999963998795,0.992914199829,0.829782903194,0.613699555397,0.0812478363514,0.177283972502,3.51402040799e-09,0.999998927116,0.999976396561,0.535337507725,0.999827980995,9.50904650381e-05,0.708244144917,5.59256513952e-05,0.982876479626,0.261103272438,0.999997496605,0.990974009037,0.610543370247,0.502627968788,0.00699298223481,0.00236328458413,0.972996771336,3.78809587864e-11,0.014641542919,1.0,0.0512586161494,0.966631948948,0.0454453341663,2.41440943682e-06,0.0424900352955,0.919830560684,0.161160573363,0.986417412758,0.910993635654,0.370288461447,0.112929068506,0.237658783793,0.953318536282,0.993069708347,0.644316375256,0.238909780979,0.532939016819,0.00360804889351,0.516882181168,0.999999880791,0.947425961494,0.981539547443,0.829382061958,0.65999007225,0.0138057228178,0.850678443909,0.0840594321489,0.0127227501944,0.877348423004,0.575064361095,0.76624417305,0.486891895533,9.0
0.663251042366,0.699145913124,0.537133276463,0.713199615479,0.967758595943,1.03474354085e-10,0.999680876732,0.00736234616488,0.984749913216,0.989561140537,0.0128377368674,0.97859030962,0.444896578789,0.0350355766714,0.998845458031,2.17878439493e-14,5.73425378361e-12,0.036111369729,0.767526090145,4.65830716015e-12,0.341719001532,0.804650366306,0.419762432575,0.963910102844,1.45142157635e-05,1.21068057979e-06,0.193534016609,0.972248315811,0.805176734924,0.0453367978334,0.385545998812,0.534753620625,0.327346026897,0.0237552840263,0.139320001006,0.448908895254,0.0301515087485,0.996592581272,0.632215678692,0.00127815641463,0.0429256893694,0.409139364958,0.99732118845,0.0978378728032,0.180003792048,0.541549682617,0.990153610706,0.92245465517,0.992404282093,0.976930260658,4.96799875691e-05,0.00015273061581,0.971687674522,0.431121826172,0.957283139229,0.606283903122,0.961358129978,0.34115332365,0.0459193177521,0.0750968083739,0.0517200492322,0.982191860676,0.0666860714555,0.45994874835,1.0
0.108215495944,0.897949457169,0.608840942383,0.842235445976,0.906438529491,0.57536649704,0.553164362907,0.436257094145,1.27467355924e-05,0.973920285702,0.147298797965,0.0410438813269,1.91884064407e-05,0.46849039197,1.0,1.1248704368e-06,0.182583495975,1.0,0.00214800867252,0.503329753876,0.957290589809,0.149704113603,0.99998652935,0.894863724709,0.513072252274,0.736662089825,0.00618123263121,0.990455806255,0.054598942399,0.999948740005,0.87933665514,0.999998688698,0.376627117395,0.992190063,0.024911256507,0.0149017153308,0.149696886539,0.80965679884,0.000128826053697,0.556218624115,0.132274717093,0.0444343052804,0.55479902029,0.911597907543,0.862780988216,0.99896800518,0.800599873066,0.704467654228,0.986783623695,0.642579078674,0.677843034267,0.493845164776,0.997195482254,0.199359476566,0.00879233516753,0.927483618259,0.977816224098,0.117740496993,0.506728708744,0.5504591465,0.149459347129,0.212487354875,0.671347200871,0.794321477413,8.0
0.933274805546,0.0152610074729,0.470922797918,0.981028497219,0.873629808426,0.999906182289,0.44135966897,0.902382969856,0.827830314636,0.699403584003,0.0641654059291,0.509181201458,9.61119963998e-13,0.999895215034,0.99964594841,0.000444835110102,4.75015128143e-14,0.99983716011,0.955445826054,0.551953613758,0.307382375002,0.31150841713,0.31144914031,0.729303896427,0.572790086269,0.568341314793,0.00294494302943,0.41839453578,0.758344352245,1.0,0.556898653507,0.235854774714,0.981933891773,0.968672811985,0.251416265965,0.827307283878,0.941801607609,0.990651965141,0.105122126639,0.782452106476,0.0258058924228,0.995780944824,0.372174859047,0.936196684837,0.0964901596308,0.969768047333,0.530594468117,0.781705617905,0.995386660099,0.951943516731,3.43775864167e-05,0.464727878571,0.985540568829,0.268538206816,0.021854378283,0.0833704397082,0.222319334745,0.952248215675,1.0,0.263206660748,0.00164441054221,0.426710754633,9.42390324781e-05,5.93377308178e-07,1.0
0.999894380569,0.0076832328923,0.99370098114,0.216699510813,0.00387986632995,0.999999880791,0.128166764975,0.317590326071,0.0118256453425,0.971687376499,0.0307437255979,0.895073473454,0.576614320278,0.596115708351,0.999999284744,0.538480341434,2.86832371188e-08,1.0,0.392504632473,1.0,0.319710671902,0.844422101974,0.533160924911,0.142533943057,0.00117614411283,0.119865365326,0.208901196718,0.444169193506,0.809100925922,1.0,0.987508714199,0.00079318205826,0.884158432484,0.369440972805,0.994322657585,0.413917541504,0.997778356075,0.698488593102,0.00710058491677,0.461862802505,0.0227207746357,0.0491014122963,0.929929316044,0.819431424141,0.983867287636,0.32505351305,0.865724861622,0.182540550828,0.971653044224,0.522924304008,0.568456411362,1.67737731257e-14,0.989809155464,0.044305626303,0.00969158858061,0.394333809614,0.142414078116,0.829805195332,0.323998838663,0.0140202147886,0.390456795692,0.509286642075,0.996339321136,0.999214172363,3.0
0.527224957943,0.460215419531,0.0380786396563,0.152758285403,0.478648126125,0.999992489815,0.760938405991,0.0287342723459,0.43360260129,0.770830690861,0.558098495007,0.977237761021,0.430037170649,0.477027028799,0.0762065351009,0.999999761581,0.112958922982,0.484499782324,0.150930762291,0.0132125783712,0.0462665297091,0.98266518116,0.999986410141,0.035384632647,0.999525427818,0.680170357227,0.696129798889,0.172601386905,0.924747645855,8.77028214745e-05,0.683237910271,0.999377846718,0.121356867254,0.528246998787,0.961653590202,0.25172662735,0.807023227215,0.13442632556,0.00161782104988,0.0304589942098,0.655849277973,0.941653370857,0.996684610844,0.160137727857,0.0176988728344,0.431478768587,0.6306168437,0.159704059362,0.861369788647,0.969316661358,0.564188718796,0.999663949013,5.97395046498e-06,0.989190816879,0.437463968992,0.158394709229,0.98105442524,0.72422760725,0.00384819903411,0.547615170479,0.975261807442,1.81852992682e-05,2.00933442329e-07,8.57130544318e-08,3.0
0.628340959549,0.000122839061078,0.111857675016,0.718390822411,0.22564637661,0.999863743782,0.955092906952,0.024878827855,0.807408154011,0.999110758305,0.973012149334,0.94325530529,0.940638542175,0.985981941223,0.99996650219,0.994054615498,0.989188015461,0.83225017786,0.473580002785,0.999631404877,0.820419490337,0.995287775993,0.999998450279,0.911687612534,0.465036541224,0.0354065932333,0.923295140266,0.825527369976,0.000771217164584,0.999876141548,0.423965334892,0.997073054314,0.00298168323934,0.0299972780049,0.76478856802,0.662315130234,0.323982894421,0.000721793447156,0.189103648067,0.398207843304,0.748841941357,0.000881836749613,0.623468458652,0.0029382314533,0.00138729938772,0.893105626106,0.00572163844481,0.155342891812,0.38577863574,0.797590613365,0.996758878231,0.00017558511172,0.899670243263,0.402231991291,0.0132265873253,0.3910818398,0.999549329281,0.383201867342,0.0201754234731,0.0341836474836,0.159554824233,0.140667870641,0.691123723984,0.374043047428,1.0
0.849343657494,5.64116589885e-07,0.872515916824,0.794264733791,0.589924037457,6.25614688943e-07,0.68550235033,0.991376519203,0.706609964371,0.991596877575,0.0617456659675,0.134833157063,0.499638289213,0.494415014982,0.99996471405,3.81165449681e-13,0.51634645462,0.990538239479,0.396024644375,0.505804002285,0.980071008205,0.653304636478,0.002084818203,0.132837310433,0.196414753795,0.655681610107,0.147195145488,0.953345060349,0.399676769972,1.0,0.131198257208,0.291360020638,0.483827680349,0.0435538887978,0.94731682539,0.342187613249,0.549117863178,0.260913580656,0.667203068733,0.99643266201,0.86465471983,0.329889059067,0.43601411581,0.976016581059,0.982379794121,0.931128263474,0.810366392136,0.88334107399,0.551426112652,0.457305550575,0.720068514347,8.00506677479e-06,0.791998326778,0.898022890091,0.668226420879,0.849762558937,0.031827185303,0.0744159519672,0.97117805481,0.490748405457,0.133980900049,0.879055976868,0.982175171375,0.827574253082,8.0
0.0502317883074,0.476631462574,0.399662822485,0.310994982719,0.0390419587493,0.472375422716,0.670892119408,0.0563764981925,0.449531972408,0.976943433285,0.989324390888,0.902138113976,0.905500769615,0.855650305748,0.999104082584,0.777785360813,0.999999761581,0.115727871656,0.303986281157,0.576773941517,0.325183570385,0.99516415596,0.999970793724,0.697749018669,0.0798148214817,0.0044551952742,0.418875098228,0.951031446457,5.28593136551e-06,0.433673173189,0.549898207188,1.0,0.0389643535018,0.0306364167482,0.863160669804,0.917985379696,0.181710526347,0.000143159777508,0.355960816145,0.386268049479,0.361217856407,0.0070318300277,0.787227511406,0.000544320151675,0.0028689680621,0.153285905719,0.00924887321889,0.187702029943,0.61943334341,0.359525591135,0.966605007648,0.0102359326556,0.612554788589,0.3189021945,0.000971560366452,0.0588125512004,0.999852776527,0.0470158345997,0.00123192963656,0.00922685116529,0.807956516743,0.00557627296075,0.518734157085,0.310602128506,1.0
0.97116535902,0.955370664597,0.68212634325,0.309194177389,0.999280393124,0.599426150322,0.00239023775794,0.0415533035994,0.986214220524,0.952094316483,0.998137831688,0.161127001047,0.00321921426803,2.13432353388e-12,0.0379056930542,1.0,0.442289292812,0.492611646652,0.960134983063,0.979917824268,0.00678739510477,0.997605800629,0.00382799352519,0.441269129515,0.0293316934258,0.663021981716,0.993046343327,0.0389563962817,0.754515528679,4.17865976488e-07,0.300087511539,0.0306789018214,0.968751251698,0.611393749714,0.673286795616,0.896980464458,0.101950578392,0.92997276783,0.750220477581,0.429406225681,0.674314558506,0.240718841553,0.902247190475,0.0558495335281,0.00154646148439,0.236448228359,0.936595976353,0.0268088541925,0.804812192917,0.211721301079,0.0678682401776,0.968742966652,0.992668092251,0.022488610819,0.0306258276105,0.830626964569,0.823143362999,0.858131349087,0.999919652939,0.85088467598,0.417327314615,0.201121941209,0.971911370754,0.687396764755,7.0
5.32246849616e-06,0.999969363213,0.496985584497,0.982640445232,0.00106358225457,4.66938432364e-11,0.00590082257986,0.930158257484,0.117785327137,0.340311706066,0.99694699049,0.0174508392811,1.0,9.61663175758e-08,1.0,6.1737006618e-09,0.999999880791,0.999966025352,0.99369508028,6.25367682985e-12,0.954526722431,0.263304144144,0.437439918518,0.418770909309,0.428003579378,0.667536199093,0.83815407753,0.996713638306,0.703863084316,1.46596437389e-06,0.559841454029,0.68462562561,0.012511048466,0.00654032127932,0.15104919672,0.553518235683,0.985192418098,0.742943167686,0.884112417698,0.999999284744,0.40271922946,0.842636823654,0.636457026005,0.00587494997308,0.405097573996,0.302533328533,0.770993471146,0.861317038536,0.307809174061,0.815715432167,0.363383680582,0.467884361744,0.994561851025,0.0161946117878,0.0723964422941,0.000215787033085,0.156777396798,0.519951343536,0.00597331020981,0.09453086555,0.997989416122,0.00851111393422,0.898621678352,0.998844623566,4.0
0.000164945391589,0.999999403954,0.514020621777,0.866775810719,0.484804987907,0.529563963413,0.00338533823378,0.93590015173,7.51679607447e-10,0.0475469045341,0.0488500893116,0.0819670334458,0.583936452866,6.33365868755e-16,0.986851513386,0.000603286374826,0.533820033073,0.969025075436,0.965606272221,2.76217724604e-05,0.998453497887,0.0744683891535,0.00110487965867,0.903285086155,0.590824663639,0.0366745777428,0.234315514565,0.994633197784,0.708292603493,0.222770318389,0.96383023262,1.0,0.181226849556,0.047262262553,0.00591623503715,0.944539487362,0.00199594534934,0.0164329241961,0.985804855824,0.240635737777,0.807146847248,0.678762614727,0.00573320034891,0.993850946426,0.000281463260762,0.0855794474483,0.845932126045,0.0997558385134,0.10981028527,0.994580805302,0.402936697006,0.99996817112,0.0446325950325,0.142621144652,0.0287864878774,0.85339063406,0.95840626955,0.437938690186,0.485022515059,0.00510779861361,0.961338698864,0.000894898665138,0.57303839922,1.01732177882e-06,6.0
0.997483432293,3.97154326492e-06,0.981746554375,0.814639687538,0.849089503288,0.999903321266,0.921059370041,0.871688425541,0.526579976082,0.378922939301,0.402592599392,0.561868786812,6.42463291456e-08,0.999103069305,0.999972820282,1.0,0.480316907167,0.33528187871,0.993422567844,0.999993681908,0.134312719107,0.72515386343,0.52318584919,0.481567203999,0.517600238323,0.491110891104,0.0506669916213,0.00488447863609,0.283753335476,0.513067781925,0.740417659283,0.000782420742325,0.896535873413,0.0671685785055,0.517243504524,0.524769186974,0.346745461226,0.193344429135,0.0338912792504,0.0152116473764,0.311250001192,0.00417262362316,0.797385513783,0.887611448765,0.950502455235,0.288746416569,0.549717068672,0.895517706871,0.953031301498,0.750584065914,0.280206203461,0.304898649454,0.157430171967,0.00788644235581,0.0591575056314,0.904922783375,0.0769093632698,0.536660611629,0.485809475183,0.798590421677,0.988596856594,0.00584363052621,0.930719852448,0.565133750439,0.0
0.615225195885,0.143319666386,0.990049362183,0.151424199343,0.61125433445,0.586469113827,0.0978305488825,0.0211087614298,0.500918924809,0.853982448578,0.499756813049,0.998544335365,0.542001187801,0.98423320055,0.999928832054,0.478902518749,1.0,1.57989761647e-05,0.91558611393,4.83087342218e-06,0.00234016822651,0.205529391766,0.522383213043,0.97404229641,2.23434744839e-05,0.997696936131,0.943612098694,0.00323576340452,0.786490917206,0.433575719595,0.00512897502631,0.451922744513,0.461645632982,0.591532349586,0.478149563074,0.970654606819,0.11771671474,0.908569157124,0.540981590748,0.0123824486509,0.948677182198,0.949453651905,0.640859305859,0.0151492003351,0.569146335125,0.0516427084804,0.615719199181,0.0221683252603,0.594182491302,0.198880910873,0.00222157780081,0.514968931675,0.458497047424,0.00248896144331,0.00993395689875,0.975723922253,0.0303816571832,0.91295593977,0.607528328896,0.0403890237212,0.613771140575,0.461916804314,0.669129133224,0.777495443821,0.0
